Time,Time Code,Country Name,Country Code,GDP (current US$) [NY.GDP.MKTP.CD],Households and NPISHs final consumption expenditure (% of GDP) [NE.CON.PRVT.ZS],General government final consumption expenditure (% of GDP) [NE.CON.GOVT.ZS],Gross capital formation (% of GDP) [NE.GDI.TOTL.ZS],Exports of goods and services (% of GDP) [NE.EXP.GNFS.ZS],Imports of goods and services (% of GDP) [NE.IMP.GNFS.ZS]
2014,YR2014,Afghanistan,AFG,20497128555.6972,..,..,..,..,..
2014,YR2014,Albania,ALB,13296322588.1684,78.3050945904138,12.2746384670784,28.3047822758213,28.0683434875498,46.9528588208631
2014,YR2014,Algeria,DZA,238942664192.59,35.7928072769144,18.9932826125176,46.8984793363791,27.6194863705878,29.3040555963989
2014,YR2014,American Samoa,ASM,643000000,72.0062208398134,..,..,66.7185069984448,108.087091757387
2014,YR2014,Andorra,AND,3271685596.66321,..,..,..,..,..
2014,YR2014,Angola,AGO,135966802586.713,44.466746007483,17.9756586545567,27.5004591988793,44.6950294609853,34.6378933219044
2014,YR2014,Antigua and Barbuda,ATG,1378707407.40741,..,..,..,74.5107467810698,67.035414276926
2014,YR2014,Argentina,ARG,526319673731.638,65.3830797250888,16.9498757371062,17.2628810064651,14.4054785893756,14.0013150558519
2014,YR2014,Armenia,ARM,11609513246.7958,85.5471855421903,12.0858534859076,21.2830406859193,28.5603816555446,47.2184853070945
2014,YR2014,Aruba,ABW,2790849720.67039,58.3958630969003,24.8237406320455,23.1114610175592,78.2754936773626,84.6065584238676
2014,YR2014,Australia,AUS,1468265356427.76,54.8038463534486,18.7777654809849,26.7273294554667,21.0876033946651,21.3964196324343
2014,YR2014,Austria,AUT,438556021078.034,53.8869810416074,19.9847608163281,23.848669034824,53.8561570961341,50.6405828931259
2014,YR2014,Azerbaijan,AZE,75239785452.1022,45.4376157562345,10.8858730371216,27.5100357372221,43.2735566584935,26.2096685368412
2014,YR2014,"Bahamas, The",BHS,11139100000,64.4926430322019,11.1355495506818,31.3993051503263,37.3629826467129,43.1740445816987
2014,YR2014,Bahrain,BHR,34772526595.7447,41.6956388061362,15.4830749544723,26.9460777171498,92.2255357196123,76.3503224222473
2014,YR2014,Bangladesh,BGD,172886611653.786,72.5725369181701,5.33752075651661,28.5778757115563,18.9896599950107,25.5244202017989
2014,YR2014,Barbados,BRB,5365976700,..,..,..,..,..
2014,YR2014,Belarus,BLR,78813069120.9984,52.8271849571236,13.7542695534472,34.8410329356421,54.941004057247,55.7104203103354
2014,YR2014,Belgium,BEL,537987419164.351,51.5609878844316,24.1169029008666,23.2582959776352,79.3965205800202,79.1750903735027
2014,YR2014,Belize,BLZ,2138250000,62.8083713316965,16.2516076230562,17.0934175143225,55.4893019992985,51.6310066643283
2014,YR2014,Benin,BEN,13284527846.9081,72.9688067811163,10.1801970840633,19.2575856279899,31.4308411236325,33.8374338168225
2014,YR2014,Bermuda,BMU,6413988000,48.9972073536776,12.8349164357651,12.0945969964397,51.1612432078139,25.3555042510214
2014,YR2014,Bhutan,BTN,2089079570.58285,44.9168225577109,18.1267964157003,56.5119544142318,34.1893414068432,53.7449147944863
2014,YR2014,Bolivia,BOL,32996188017.3661,62.9374499091372,14.7070466402409,21.0337970312715,43.2930879909317,41.9713815715814
2014,YR2014,Bosnia and Herzegovina,BIH,18558733564.4692,82.8942704121752,22.8610441376188,22.5258642223175,33.9891201082484,56.5631605791701
2014,YR2014,Botswana,BWA,15470088500.7414,42.3099943806747,29.2537913997764,25.2530625662887,61.2829678934065,58.214573898057
2014,YR2014,Brazil,BRA,2456043727198.85,62.9595707094347,19.1535387102127,20.5484107553739,11.0119428190539,13.6734629940752
2014,YR2014,British Virgin Islands,VGB,..,..,..,..,..,..
2014,YR2014,Brunei Darussalam,BRN,17097797371.9718,15.5089027556297,21.4176335429709,27.4418170153291,68.177101904531,34.2438991427387
2014,YR2014,Bulgaria,BGR,57080897012.1077,62.8058444101281,16.833076863621,21.5078339407257,64.5508109503852,65.69756616486
2014,YR2014,Burkina Faso,BFA,13943016076.7436,70.2225263802843,15.474778613438,19.2622491931648,26.932004154154,31.8915583395886
2014,YR2014,Burundi,BDI,2705783329.80483,85.4999487455075,25.9000061887709,14.2030571572419,8.6960211937924,34.2990046114706
2014,YR2014,Cabo Verde,CPV,2041930125.42979,62.0185819756854,19.7924331719005,34.9962522997627,37.2482924821867,54.0555599295354
2014,YR2014,Cambodia,KHM,22041463967.9009,76.1605411076733,5.64093045299287,30.0126716073678,56.629548029687,67.8253604970058
2014,YR2014,Cameroon,CMR,36386544706.0806,71.8256708675679,12.058933037832,19.7278343398902,23.6099755336855,27.2224137750793
2014,YR2014,Canada,CAN,1805749878439.94,55.7963142959261,20.266560128167,24.8707076104681,31.7365758733408,32.6420862831515
2014,YR2014,Cayman Islands,CYM,4562853611.41445,..,..,..,..,..
2014,YR2014,Central African Republic,CAF,1894813389.40325,82.2217923037951,15.5309338184523,21.9907907197476,16.6757875879937,36.4193044299887
2014,YR2014,Chad,TCD,18144336903.7175,56.3411990387836,8.71275886033188,29.4795971629017,23.1390359613993,17.6725910245326
2014,YR2014,Channel Islands,CHI,10528493006.4176,..,..,..,..,..
2014,YR2014,Chile,CHL,259560978224.359,61.2424027938614,13.2263259780646,25.1580934170755,33.0039029664774,32.6307251554113
2014,YR2014,China,CHN,10674533168257.4,36.9862190673163,15.8783188765672,45.3115352657107,23.0719766946892,20.9964797865509
2014,YR2014,Colombia,COL,381240864422.407,65.9709032472018,14.2437505161207,24.0033136584861,16.6347491096509,20.8527165314594
2014,YR2014,Comoros,COM,1149587623.99594,94.4046754171781,10.2752326943949,15.2029658508546,9.67647247817716,29.5593519373903
2014,YR2014,"Congo, Dem. Rep.",COD,35909040925.9375,73.4806996394267,8.32176727716563,23.2234743391057,36.8321888505236,41.8579612736924
2014,YR2014,"Congo, Rep.",COG,17919321078.0284,28.3515348103397,16.7341898264262,52.8446172450901,53.1336383710482,51.0639817323687
2014,YR2014,Costa Rica,CRI,52016408854.212,66.2309549467332,17.0113032502945,19.2231532892112,31.3629152834921,33.828326769731
2014,YR2014,Cote d'Ivoire,CIV,48843005613.7091,..,..,22.6204558252908,28.1569587645537,25.5234587964808
2014,YR2014,Croatia,HRV,59612144078.4133,59.231477810281,23.091795072956,18.0589182473792,42.4134929086938,42.7956840393101
2014,YR2014,Cuba,CUB,80656100000,55.0882078354892,32.4067243519089,7.6113275995244,22.0838845419007,17.1902683120062
2014,YR2014,Curacao,CUW,3059406983.24022,71.0492968979182,15.656446364665,25.7891289955871,75.9321214347871,88.4276967174327
2014,YR2014,Cyprus,CYP,23225918259.9824,68.6804326927284,17.0727810804208,13.1877395604674,65.9517048728868,64.8926582065034
2014,YR2014,Czechia,CZE,210911285077.683,47.9683489527502,19.1899663567148,25.3494353917128,81.3510352122697,75.0640876146159
2014,YR2014,Denmark,DNK,352832602064.452,47.1824860532112,25.7974203785069,20.1482030437865,54.8334037514843,48.3774554736546
2014,YR2014,Djibouti,DJI,2220637966.25047,60.5084453724022,19.0422496667967,3.11518509884608,157.949327841603,140.615207979648
2014,YR2014,Dominica,DMA,572255555.555555,..,..,..,..,..
2014,YR2014,Dominican Republic,DOM,67014329099.5549,71.9545213236996,10.4971698369669,22.3946076084169,25.4069026925032,30.2532014581601
2014,YR2014,Ecuador,ECU,102717794000,59.2707666599616,14.7396467646102,24.7058907826623,31.3550366940318,30.0713399277247
2014,YR2014,"Egypt, Arab Rep.",EGY,305595408895.265,82.9389671361502,11.849765258216,13.6431924882629,14.2441314553991,22.6760563380282
2014,YR2014,El Salvador,SLV,22593470000,86.6472923371222,15.9541672881589,16.397215655674,29.5528752334192,48.5515505143743
2014,YR2014,Equatorial Guinea,GNQ,21765453081.9826,27.7769341198706,15.9663871801715,28.7093001746,65.9632885983728,38.4159100730149
2014,YR2014,Eritrea,ERI,..,..,..,..,..,..
2014,YR2014,Estonia,EST,27055689003.0038,49.8400487489185,18.4390132763221,26.727615908803,80.5897352297357,77.3642096124932
2014,YR2014,Ethiopia,ETH,55612228233.5179,70.2145250716323,9.24959184376664,37.9937253037378,11.6416199095703,29.0994642402923
2014,YR2014,Faroe Islands,FRO,2914012679.27277,48.6933499645364,28.8624746251865,21.758138283562,53.4142881600509,52.7282510333358
2014,YR2014,Fiji,FJI,4857104768.86844,65.2569996370908,19.9996227786868,20.8867790191295,52.3342755939207,58.4780304692716
2014,YR2014,Finland,FIN,273478528954.901,54.7973087853101,24.6314153166064,22.1690024531831,36.8060042262758,37.8217677491438
2014,YR2014,France,FRA,2861236112552.42,54.2096418539512,24.081442589149,21.8364708236132,30.741812901515,31.4574540364356
2014,YR2014,French Polynesia,PYF,6151996560.84289,66.4796715158732,31.3869550976386,18.9560603620347,19.704885459438,36.5275724349845
2014,YR2014,Gabon,GAB,18203966895.8433,34.4900264964714,14.8494691273466,35.1390486032907,44.5208923945675,28.9994366216762
2014,YR2014,"Gambia, The",GMB,1229461721.40861,87.4238148724684,8.83679840265619,16.6526122015212,21.8368954439609,36.4210353312654
2014,YR2014,Georgia,GEO,17966015109.3043,75.9220865645294,15.0157404955551,25.6503571653742,39.1818857575184,55.7688121808209
2014,YR2014,Germany,DEU,3965800686309.79,52.3889426732816,19.2101287363869,20.1582154450165,41.6838906996921,35.1464405712237
2014,YR2014,Ghana,GHA,54678533805.9064,71.9398984048515,8.26779337958511,27.1650663374465,28.2319021605976,35.6046602824807
2014,YR2014,Gibraltar,GIB,..,..,..,..,..,..
2014,YR2014,Greece,GRC,233911581521.062,69.5329655860989,20.7227080595732,12.136918450953,32.514999005264,33.9185692513027
2014,YR2014,Greenland,GRL,2842065708.35962,41.7045953231772,45.8403861826845,22.597956240988,38.4728230205003,48.61576076735
2014,YR2014,Grenada,GRD,911496296.296296,..,..,..,..,..
2014,YR2014,Guam,GUM,5610000000,58.1105169340463,..,..,18.8413547237077,59.5187165775401
2014,YR2014,Guatemala,GTM,57852152955.039,85.2680060975137,11.255385017847,15.0711623598602,21.7443629187412,33.3389163939621
2014,YR2014,Guinea,GIN,8778473372.82124,82.7852237631943,17.7931457653875,22.8165774180333,26.6885109662704,50.0834549289601
2014,YR2014,Guinea-Bissau,GNB,1135250721.0374,75.9214359352408,17.420044053081,20.1399364198987,16.6941209486516,30.1755373568722
2014,YR2014,Guyana,GUY,4127660151.8087,..,..,..,..,..
2014,YR2014,Haiti,HTI,15146883497.6331,96.1811633323578,7.66400253789781,16.556866327765,10.9748356235428,31.3766902836191
2014,YR2014,Honduras,HND,19756533971.8698,80.333644049504,15.3323115474268,22.1838322277385,47.5626547300206,65.4124425546899
2014,YR2014,"Hong Kong SAR, China",HKG,291459995978.893,66.494012181389,9.47856310052411,23.8224694193154,213.090413516784,212.885458218013
2014,YR2014,Hungary,HUN,141128696412.321,50.0639935028637,19.9810520498971,24.4405160787979,87.0271641102673,81.3311909761454
2014,YR2014,Iceland,ISL,17867662177.8911,52.2798323365547,24.1239060164934,17.2236575910551,51.5190979483341,45.1464939403677
2014,YR2014,India,IND,2039126479154.52,58.1277171013104,10.4408568081213,34.2678056268836,22.9679630081172,25.9542227389497
2014,YR2014,Indonesia,IDN,890814755533.537,57.1391165860159,9.4250257185865,34.6003439149803,23.6659845969367,24.414190988586
2014,YR2014,"Iran, Islamic Rep.",IRN,462284793280.825,47.3489294074271,12.8201259776576,36.9396571448965,22.8306723891643,22.5207477521518
2014,YR2014,Iraq,IRQ,228415656174.957,42.0663002657086,18.0026366207318,18.2159749362255,38.9417264514779,30.0407604054258
2014,YR2014,Ireland,IRL,266787238499.03,41.6030922324864,15.9698382433587,21.911656975326,110.323371612236,91.3315883095641
2014,YR2014,Isle of Man,IMN,7708454412.32126,..,..,..,..,..
2014,YR2014,Israel,ISR,315017088116.716,53.5959092598189,21.9318746180128,22.8773413865491,31.4890595862987,30.2242945297015
2014,YR2014,Italy,ITA,2173255507985.84,60.2926319298952,19.437905453041,17.0766736026264,28.6224027363532,25.83212719685
2014,YR2014,Jamaica,JAM,13899217679.9219,85.2396681243891,14.5182933037941,22.4737872615852,31.2546249666808,53.4863736564492
2014,YR2014,Japan,JPN,4896994405353.29,57.6315845269279,19.9261773555302,25.0363619892408,17.4186553484795,20.0127792201784
2014,YR2014,Jordan,JOR,36847643521.1268,81.6418520069025,18.2212045749756,25.8085951940917,42.1339077050464,67.8048978299753
2014,YR2014,Kazakhstan,KAZ,221415613595.469,48.4825043206591,10.6896762840233,25.7902472414133,39.3417580907293,25.6302765606214
2014,YR2014,Kenya,KEN,68285796514.2896,76.068046506941,11.7424945888753,24.9507189987733,16.4728044658123,29.6976848964037
2014,YR2014,Kiribati,KIR,200287281.98074,89.6884801520132,63.9068226343696,28.6593579496587,12.0327393556813,92.1552284000319
2014,YR2014,"Korea, Dem. People's Rep.",PRK,..,..,..,..,..,..
2014,YR2014,"Korea, Rep.",KOR,1484488526271.8,49.9359055936582,15.2252223373693,29.7904786327772,47.8314208662979,42.7830210318588
2014,YR2014,Kosovo,XKX,7074394734.88431,88.5891613201267,13.5871191030395,27.8460008694681,23.5268854358467,53.5491667284809
2014,YR2014,Kuwait,KWT,162650450784.686,28.9804680785279,17.7554132669606,16.2902579889231,68.5055250842207,31.5316646961427
2014,YR2014,Kyrgyz Republic,KGZ,7468102412.68237,95.9988170524141,17.4733337659161,36.7567270785188,37.4486515894922,87.6775294863412
2014,YR2014,Lao PDR,LAO,13279245886.3854,72.5687449323944,15.1805486591378,29.8013514004447,40.7545466511497,58.3051916421903
2014,YR2014,Latvia,LVA,30277203767.4058,63.518140558974,18.4883353835292,24.6659475075256,63.5721016274102,66.4701506175488
2014,YR2014,Lebanon,LBN,48095213746.6003,94.5916670435709,12.7459654094194,24.9671951418081,23.7561644984684,56.0609920940944
2014,YR2014,Lesotho,LSO,2441063054.05792,77.0581448654934,38.8381215630779,34.0968182808394,38.1496953255837,88.1427800349944
2014,YR2014,Liberia,LBR,3225652000,..,..,..,..,..
2014,YR2014,Libya,LBY,57372355592.022,43.177257204383,42.6473992715138,26.2237211424,32.2383210024013,44.2865616357103
2014,YR2014,Liechtenstein,LIE,6657526979.72277,..,..,..,..,..
2014,YR2014,Lithuania,LTU,48306546656.9281,62.2356652457892,16.691874395721,20.3004773754029,72.6102123944686,70.6799033862253
2014,YR2014,Luxembourg,LUX,68804811897.6445,32.7186280357933,16.0514535620466,19.0935867595733,182.782592419634,150.646260777047
2014,YR2014,"Macao SAR, China",MAC,54902831793.5018,20.4583185106131,7.09803063058132,19.7963130193653,85.641344899616,32.9940070601757
2014,YR2014,North Macedonia,MKD,11362265252.778,69.8046551472525,17.1123379786252,30.2952252615938,47.6628552909135,64.8750736783851
2014,YR2014,Madagascar,MDG,12522957399.2281,73.1149315612814,15.8000024612157,16.4906896468032,28.2819119746319,33.6875202364915
2014,YR2014,Malawi,MWI,8801326169.14547,..,..,..,..,..
2014,YR2014,Malaysia,MYS,338066095097.254,52.4188774297456,13.3287480692634,24.9776084262813,73.7934986257765,64.5187325510668
2014,YR2014,Maldives,MDV,3697353039.20043,36.7385181777544,18.7912983557095,27.8611798197388,91.2941274036136,74.6851237568163
2014,YR2014,Mali,MLI,16943434590.8343,72.9811608425185,14.2339850142266,26.0263902631144,19.1269574410873,32.3684935597515
2014,YR2014,Malta,MLT,11888032861.804,53.6740687934606,17.8589484361502,15.9077736680181,96.9295795323421,84.3709872962207
2014,YR2014,Marshall Islands,MHL,186000000,76.9138709677419,53.0808064516129,20.4606989247312,49.6209139784946,100.232580645161
2014,YR2014,Mauritania,MRT,6592537781.81518,61.4016653588719,13.6335849710832,41.7967195897633,37.3892007219428,54.2211706416612
2014,YR2014,Mauritius,MUS,13074129952.0532,72.9344999762708,14.3446625586048,19.0687671568199,52.5246596111912,58.0650479204498
2014,YR2014,Mexico,MEX,1364507717764.6,70.8084071858508,11.7538929130766,22.2932759775507,31.4629921965186,32.6354168315349
2014,YR2014,"Micronesia, Fed. Sts.",FSM,319271200,..,..,..,31.8284267419047,74.0315443422395
2014,YR2014,Moldova,MDA,9402090137.7423,93.4818629647981,13.9079312251112,23.7825706600568,31.5279635595633,62.7003284095294
2014,YR2014,Monaco,MCO,7070017323.65476,..,..,..,..,..
2014,YR2014,Mongolia,MNG,12226514668.0622,56.6320068417376,13.0170100980658,35.1752976434075,52.2489986942277,57.0733131829592
2014,YR2014,Montenegro,MNE,4593853290.963,80.2460552898533,19.3727620229722,20.2213930794275,40.143704803058,59.9839151953109
2014,YR2014,Morocco,MAR,119130841411.664,61.7482180908958,19.1051211538423,30.7742542343433,30.1329866374292,41.7605801165106
2014,YR2014,Mozambique,MOZ,17978246586.0662,71.0508307506649,26.0847751395686,53.6431747577994,32.7890372970921,83.567817945125
2014,YR2014,Myanmar,MMR,65531374199.6663,..,..,..,..,..
2014,YR2014,Namibia,NAM,12435430969.6301,62.542355759234,27.7268888440133,34.7765509650404,39.017085209178,64.0630518000757
2014,YR2014,Nauru,NRU,98752257.0453222,..,..,..,99.4723551440346,98.5427069651184
2014,YR2014,Nepal,NPL,22731612922.1906,82.6341413257643,8.00114144403982,30.9860882268693,10.124042118155,35.8585994934377
2014,YR2014,Netherlands,NLD,901556501756.467,44.8322863664428,25.4138134792751,17.7066341303839,81.3822615368973,70.3336295196036
2014,YR2014,New Caledonia,NCL,10635035594.7528,62.7524770094788,23.4297617988349,35.603196951695,18.5861810873195,40.3716168473283
2014,YR2014,New Zealand,NZL,201518402787.38,57.373094513764,18.7562006775977,23.059728219927,27.9544041792052,27.1442509169799
2014,YR2014,Nicaragua,NIC,11880438824.4494,73.5231277492308,14.2795824550978,28.8793454871994,45.008072249634,61.6901279411621
2014,YR2014,Niger,NER,10862943543.5419,64.8006859889277,17.9391046614083,31.1100819925506,15.945862927875,29.7957379087183
2014,YR2014,Nigeria,NGA,574183763411.508,..,..,..,..,..
2014,YR2014,Northern Mariana Islands,MNP,832000000,63.1009615384615,..,..,52.5240384615385,67.3076923076923
2014,YR2014,Norway,NOR,501736471832.848,40.7493130443143,21.7227596135843,27.2099921057026,39.7276720425482,29.4097051783555
2014,YR2014,Oman,OMN,92699089726.9181,29.1612892365358,21.6155857564501,28.6217693334979,61.4401786616091,40.8385424265209
2014,YR2014,Pakistan,PAK,271390474857.632,82.1449510005252,10.0273769947252,14.9075542099846,11.1949717426146,18.2748539477852
2014,YR2014,Palau,PLW,243156500,79.3637019779442,36.0754493505212,32.7735840909044,53.8142718783993,87.3571958800197
2014,YR2014,Panama,PAN,51427104900,52.0001426329562,9.61762053224194,43.5746774849074,54.8890820412486,60.0815228858041
2014,YR2014,Papua New Guinea,PNG,23210823987.308,..,..,..,..,..
2014,YR2014,Paraguay,PRY,40377929295.6419,63.9472489944122,11.5488457611573,22.6588064100185,35.4644118987732,33.6193130643613
2014,YR2014,Peru,PER,200786250582.943,64.5709694565829,12.4020903759554,24.6661205071214,22.6069703758151,24.2461507154749
2014,YR2014,Philippines,PHL,297483555338.044,71.2740205854372,10.5611726821726,20.9239704373705,27.3545041909285,30.113667896666
2014,YR2014,Poland,POL,542134167178.627,60.5273698459523,18.2380268801328,20.8272789201168,46.2206720325579,45.8133476787599
2014,YR2014,Portugal,PRT,230078616299.675,66.0845111732681,18.3843383966832,15.3444039472278,40.1850905816292,40.0355784904498
2014,YR2014,Puerto Rico (US),PRI,102445800000,60.4216083040984,10.769206741516,8.94121574530142,60.8216247030137,41.5638318017918
2014,YR2014,Qatar,QAT,206224598571.429,15.7809126901424,15.4671530356713,31.7900727516147,67.9981181320016,31.0362566094301
2014,YR2014,Romania,ROU,199722319675.741,61.01766319582,14.1783362360873,25.2257196462876,41.4767119396626,41.8984310178575
2014,YR2014,Russian Federation,RUS,2059241589895.01,53.7630013918765,18.0273313931418,22.3908642287739,27.1110970517525,20.6902442110591
2014,YR2014,Rwanda,RWA,8238966119.55292,78.6549320062797,14.2814464949749,23.2290320311828,13.8686615802081,30.0340721108669
2014,YR2014,Samoa,WSM,796683519.593842,73.409761742713,15.8878182440943,37.3331843934814,27.5922586728551,52.9085153712304
2014,YR2014,San Marino,SMR,1673911426.17254,..,..,..,..,..
2014,YR2014,Sao Tome and Principe,STP,293119143.246825,..,..,..,..,..
2014,YR2014,Saudi Arabia,SAU,787153066666.667,33.6804294564988,25.5951913122192,28.5328325808043,45.0958458227862,32.9042652949498
2014,YR2014,Senegal,SEN,19797253440.2679,74.2705272071037,14.7346215191571,25.8807867671935,21.7782967413225,36.6642322347768
2014,YR2014,Serbia,SRB,49114321280.3466,71.4037512079492,19.8535654361421,16.4778532272023,40.3231673794274,48.0583349476172
2014,YR2014,Seychelles,SYC,1387577870.08161,64.0368131373494,21.9007338679485,29.0548988749451,99.180749158294,114.173720268192
2014,YR2014,Sierra Leone,SLE,7686138790.90872,90.1552829907348,5.09056223969131,15.982290990834,20.2143907149836,30.9043865638971
2014,YR2014,Singapore,SGP,314863580758.455,37.5843813189642,9.6310320219758,29.4300082792766,191.953535787505,168.513783378732
2014,YR2014,Sint Maarten (Dutch part),SXM,1361811508.37989,..,..,..,..,..
2014,YR2014,Slovak Republic,SVK,101713075598.862,54.8625524572799,18.3081999887673,22.7798159146212,90.4400089861459,86.3163071119859
2014,YR2014,Slovenia,SVN,49514466379.6057,55.5202760542498,19.0721509937972,19.7452653119649,76.6524478122161,69.8192572845302
2014,YR2014,Solomon Islands,SLB,1335571420.72676,63.8741967249728,30.5188674456616,12.6371785630894,42.3367816208643,51.1172248560958
2014,YR2014,Somalia,SOM,5728399719.99958,124.394532649681,5.57031501984449,13.4104063533751,19.1628937165159,62.5381477394163
2014,YR2014,South Africa,ZAF,381198869776.106,63.6963101332591,19.3140625940978,18.4879638168327,29.0006193033471,30.4989547517121
2014,YR2014,South Sudan,SSD,13962212847.4576,..,..,7.9945088302124,38.3916172930278,26.2429005140531
2014,YR2014,Spain,ESP,1380244561361.96,58.9741171125821,19.5517778062253,18.1481477916625,33.2193399291014,30.1799222098486
2014,YR2014,Sri Lanka,LKA,82528535713.926,..,..,..,..,..
2014,YR2014,St. Kitts and Nevis,KNA,952111111.111111,..,..,..,..,..
2014,YR2014,St. Lucia,LCA,1749185185.18518,..,..,..,..,..
2014,YR2014,St. Martin (French part),MAF,772921756.347188,..,..,..,..,..
2014,YR2014,St. Vincent and the Grenadines,VCT,770900000,..,..,..,..,..
2014,YR2014,Sudan,SDN,49516748617.9775,86.1595660480174,6.08247265963609,15.0415341466529,7.60891112283276,13.2361978812986
2014,YR2014,Suriname,SUR,5240606060.60606,..,..,..,..,..
2014,YR2014,Eswatini,SWZ,4286015248.24891,61.609011471614,19.7338730434494,19.6355786332268,45.3106283886811,46.2890915369713
2014,YR2014,Sweden,SWE,577730245154.162,47.1558144281468,26.2754867127366,22.8641392361599,43.4579909644641,40.3646558011829
2014,YR2014,Switzerland,CHE,726537809429.524,52.5040505379678,11.4816364557243,25.553196003641,65.3372700235326,54.876153171102
2014,YR2014,Syrian Arab Republic,SYR,21502061465.9498,112.372637458513,19.6239364160388,..,7.01577957147438,47.2486429496201
2014,YR2014,Tajikistan,TJK,9112605459.32845,103.169082168551,14.0398407791244,26.5156987249439,9.17009118973376,45.4370684156367
2014,YR2014,Tanzania,TZA,49986726460.6805,65.5501372049915,9.86779141018669,37.6539665632561,18.0692092760813,27.2868130672252
2014,YR2014,Thailand,THA,407339040197.651,52.5962139645468,16.9163611055347,23.9190195478501,68.3941351612178,62.5113602831802
2014,YR2014,Timor-Leste,TLS,1447535200,64.7785905309937,65.666182072809,43.1474067090044,4.57179901393762,78.1639783267447
2014,YR2014,Togo,TGO,6393318261.82712,78.7429859646003,12.0641263503212,22.376827509449,28.3375647623348,41.5861819210567
2014,YR2014,Tonga,TON,440997734.928723,93.1880162517967,20.1340703163475,22.1074634544778,16.9270405834471,57.8033848901132
2014,YR2014,Trinidad and Tobago,TTO,29474180442.0125,..,..,18.1764511221107,..,..
2014,YR2014,Tunisia,TUN,50271812920.612,69.0199331655442,17.3282152950605,23.8646110150307,42.947465118132,53.159638737738
2014,YR2014,Turkiye,TUR,938934609296.966,60.3677746444678,14.0199797535656,28.9674633636774,25.2055416974053,28.560759468849
2014,YR2014,Turkmenistan,TKM,43524210526.3158,..,6.58395408081004,..,46.7801747766921,44.313308180968
2014,YR2014,Turks and Caicos Islands,TCA,841700000,..,..,..,..,..
2014,YR2014,Tuvalu,TUV,38760982.6540096,..,..,..,..,..
2014,YR2014,Uganda,UGA,32612397257.4458,69.0258741056487,7.42890180380585,26.853454663727,14.9482109075764,21.0661901743321
2014,YR2014,Ukraine,UKR,133503871861.723,71.4435870856347,18.6657760497569,13.3964957165318,48.5929618158503,52.0988206677736
2014,YR2014,United Arab Emirates,ARE,414105366752.893,35.8393383129935,10.6423158320926,22.7007895581753,97.2525706492064,66.4350143524677
2014,YR2014,United Kingdom,GBR,3064708247921.43,64.358442406339,19.8662130861835,17.7177191688224,28.5762147291242,30.518589390469
2014,YR2014,United States,USA,17608138000000,67.4372838286479,14.5516578754664,20.9011935276745,13.5082142132235,16.3983551242045
2014,YR2014,Uruguay,URY,61496186973.902,67.1030955325063,13.6963930072559,21.2028122395297,23.5426616139817,25.5449624492357
2014,YR2014,Uzbekistan,UZB,80845385809.4529,63.3172624150361,13.2451945912566,27.9591702320373,16.0454807275169,20.3115739373955
2014,YR2014,Vanuatu,VUT,773717010.546445,68.49519345991,13.8910340052725,24.223098021463,51.3341144515751,53.8652038452321
2014,YR2014,"Venezuela, RB",VEN,482359318767.703,75.2896022324121,14.603353775764,24.8102028168,16.6938273502942,31.3969861752704
2014,YR2014,Viet Nam,VNM,233451469642.519,57.0171078816492,10.3174617549851,30.2890267860991,69.5985759502054,65.8119455041556
2014,YR2014,Virgin Islands (U.S.),VIR,3565000000,69.929873772791,29.3969144460028,..,78.3730715287518,85.9186535764376
2014,YR2014,West Bank and Gaza,PSE,13989700000,89.179896638241,25.1842426928383,22.528717556488,15.8230698299463,51.9167673359686
2014,YR2014,"Yemen, Rep.",YEM,43228585321.3737,86.5948822351839,11.9817330972498,..,21.4840870790622,26.7589534340245
2014,YR2014,Zambia,ZMB,27141023558.0829,45.0178395479279,14.5238685926023,34.0692641856177,38.8222899319378,37.3712097956936
2014,YR2014,Zimbabwe,ZWE,19495547522.9895,83.6123144754044,19.5598677296147,9.63958883391864,20.929994104227,33.7417651431647
2014,YR2014,World,WLD,80247427618833.9,56.4327614592763,16.8836570539936,25.7723340371602,29.6831265581401,28.9487294136183
2015,YR2015,Afghanistan,AFG,19134221644.7325,..,..,..,..,..
2015,YR2015,Albania,ALB,11470171826.9575,77.6277561747814,11.6995817212428,27.8134648405134,27.0693224620319,44.2101251985694
2015,YR2015,Algeria,DZA,187493855609.345,39.8442610251324,20.5244656437501,51.779612559441,20.5281416810455,32.676480909369
2015,YR2015,American Samoa,ASM,673000000,68.3506686478455,..,..,63.5958395245171,98.8112927191679
2015,YR2015,Andorra,AND,2789881258.50362,..,..,..,..,..
2015,YR2015,Angola,AGO,90496420506.5957,52.7439965230833,16.4328328348133,34.2024908297612,29.7545979506807,33.1339181383385
2015,YR2015,Antigua and Barbuda,ATG,1437485185.18519,..,..,..,70.7044967935257,59.3670530581958
2015,YR2015,Argentina,ARG,594749285413.212,65.9058373448263,18.098379759087,17.0707048841583,10.7056520504538,11.7805740385254
2015,YR2015,Armenia,ARM,10553337518.414,77.9158468542082,13.1115978061212,20.7305301265762,29.7253912120334,41.9566831307241
2015,YR2015,Aruba,ABW,2962907262.56983,55.3332224653273,23.2556955609808,21.5389195724266,72.8529128494511,72.9807504481858
2015,YR2015,Australia,AUS,1351296372254.31,56.0691801633455,19.1888755144951,26.2736236773973,20.0661262864303,21.5978056416682
2015,YR2015,Austria,AUT,379546097300.633,53.019440806769,19.8879548545364,24.012126686949,53.3960122723239,49.7215694739361
2015,YR2015,Azerbaijan,AZE,53076235354.746,56.6901434350864,12.4082383229128,27.9135711658698,37.7947774917249,34.806730415594
2015,YR2015,"Bahamas, The",BHS,11837600000,63.6784483341218,11.3680137865784,24.6114077177806,35.8315874839494,33.846387781307
2015,YR2015,Bahrain,BHR,32523297872.3404,46.7183094785591,16.8844595527265,25.624930054818,79.3441035722346,68.5719566006692
2015,YR2015,Bangladesh,BGD,195146608978.131,72.437289480297,5.40424038147983,28.886689247008,17.3366737865485,24.7493225204896
2015,YR2015,Barbados,BRB,5288057750,..,..,..,..,..
2015,YR2015,Belarus,BLR,56454769844.7632,52.8773445300352,14.9217643769907,29.0346959914608,58.0107665670743,57.9040596348719
2015,YR2015,Belgium,BEL,461044767544.531,51.4826802843543,23.681203644432,23.3223676294346,77.8777392199991,77.1909428259269
2015,YR2015,Belize,BLZ,2193050000,61.3757096281434,17.1906705273478,16.6890859761519,51.5720115820433,52.50678279109
2015,YR2015,Benin,BEN,11388160996.7738,75.1721642689075,11.4113801450627,20.731792085746,24.7204512110389,32.0358619739087
2015,YR2015,Bermuda,BMU,6654541000,48.6544150828735,12.5031463477346,11.8925858297364,49.9708394613543,23.3246590561242
2015,YR2015,Bhutan,BTN,2187815803.36833,51.0019967426775,19.1338713636951,56.4311104866744,31.5360910045004,58.1030694550492
2015,YR2015,Bolivia,BOL,33000198248.9146,68.4197180714301,17.4952582258727,20.2812768788265,30.8682960291245,37.0645491614003
2015,YR2015,Bosnia and Herzegovina,BIH,16404348871.4437,79.3058217346243,21.9698075332043,21.6895898494442,35.1148756307611,53.1771142099997
2015,YR2015,Botswana,BWA,13530748844.505,45.9977571950735,31.6393989708793,28.4432892203156,53.0908973428197,59.809993673185
2015,YR2015,Brazil,BRA,1802212206814.5,63.964797276686,19.7768199564016,17.4116258675005,12.900191418386,14.0534345189741
2015,YR2015,British Virgin Islands,VGB,..,..,..,..,..,..
2015,YR2015,Brunei Darussalam,BRN,12930296852.4882,19.7855959087841,25.0616658314424,35.2473259098035,52.2130112999105,37.6831770760633
2015,YR2015,Bulgaria,BGR,50765918159.1476,62.0747366798589,16.089141458635,20.9999295980527,63.7864172382015,62.9502249747481
2015,YR2015,Burkina Faso,BFA,11832159315.6298,71.5231102662912,15.9440802560458,19.4066997164243,26.1076455357024,32.9815357744638
2015,YR2015,Burundi,BDI,3104003546.26497,75.4179085083594,22.4223834424569,12.1634582505496,6.41727356534236,16.4210098504297
2015,YR2015,Cabo Verde,CPV,1749857620.35329,62.3714457457487,20.2594635661932,29.1071744394227,41.1352016327173,52.873285384082
2015,YR2015,Cambodia,KHM,24174170369.0738,74.2469197136526,5.46108287495604,29.8714938168298,55.9812203124044,66.1283765029746
2015,YR2015,Cameroon,CMR,32210233020.4569,73.0581065048367,12.2538855757043,18.2498554883353,20.9891496295315,24.5509971984078
2015,YR2015,Canada,CAN,1556508816217.14,57.8089690631528,20.8778251262785,23.8215933948339,31.8499609634443,34.3149411035338
2015,YR2015,Cayman Islands,CYM,4708167232.66893,..,..,..,..,..
2015,YR2015,Central African Republic,CAF,1695825714.19282,82.4275477961125,14.776798538189,21.8053804538636,17.0676606236635,36.0774871532986
2015,YR2015,Chad,TCD,14559599499.5011,62.8034699951588,6.99882928975911,22.8922387955511,27.9084800637597,20.6030181442288
2015,YR2015,Channel Islands,CHI,10109968831.1688,..,..,..,..,..
2015,YR2015,Chile,CHL,242450355830.884,61.7753958327365,13.5921177180299,25.5994379460368,29.1910794903324,30.1580309871985
2015,YR2015,China,CHN,11280814787468.9,38.0605584392569,16.2578121496943,42.7349872564364,20.939064223381,17.7581206128424
2015,YR2015,Colombia,COL,293492370193.166,68.4750190134859,14.8116297912742,23.7736922946916,15.6502115094968,22.7105526089485
2015,YR2015,Comoros,COM,966029599.801228,93.3026105064597,10.5919046751925,13.6380402758518,10.1361983069761,27.6687537644801
2015,YR2015,"Congo, Dem. Rep.",COD,37917706497.1793,76.2979804247321,9.05619474106582,18.5271201962233,27.7255678009169,31.6068631635076
2015,YR2015,"Congo, Rep.",COG,12434793867.3568,39.5180333551483,19.3062714257081,76.7823246780685,40.8570487934502,76.4636727651309
2015,YR2015,Costa Rica,CRI,56441920820.5538,64.9482778536037,16.9602419141632,18.8537264423156,29.9956578647466,30.757904074829
2015,YR2015,Cote d'Ivoire,CIV,45815005169.2651,65.2689967613597,9.34787599976032,23.3881494701744,27.3532437923476,25.3596209487969
2015,YR2015,Croatia,HRV,51005200669.6941,57.8479569111753,22.4615282297465,19.4804735795371,45.4254911892461,45.2154499097051
2015,YR2015,Cuba,CUB,87132800000,55.7240212640934,32.2062711904656,9.38923115061148,17.1473888133975,14.4664236659444
2015,YR2015,Curacao,CUW,3058779217.87709,69.2356398510612,15.7199312070825,26.3697416948829,68.4941164317425,79.8196994937989
2015,YR2015,Cyprus,CYP,19909278416.8575,67.3098306729774,16.6093100075551,13.3226795380088,70.0173031293258,67.2591233478671
2015,YR2015,Czechia,CZE,189107698561.919,46.8916097874098,18.807763768664,26.9686249210792,80.0125671431762,74.0058338544563
2015,YR2015,Denmark,DNK,301758922337.637,47.2541851499827,25.5463558237146,20.5435311718122,55.8143215733858,49.3160408805133
2015,YR2015,Djibouti,DJI,2424391785.43897,61.5556454405623,19.9111202338378,-3.94592435677103,145.421307480105,122.942148774525
2015,YR2015,Dominica,DMA,583177777.777778,..,..,..,..,..
2015,YR2015,Dominican Republic,DOM,70966782572.4386,71.305305326584,10.3174583695894,22.6506907232187,24.0368347236543,28.3102891430464
2015,YR2015,Ecuador,ECU,97209558000,64.2588180475011,15.3738143732739,22.6864358338097,22.754485726599,25.0735539811836
2015,YR2015,"Egypt, Arab Rep.",EGY,329366576819.407,82.4297229837555,11.7598919759401,14.2886370146078,13.1838454928598,21.6620974671631
2015,YR2015,El Salvador,SLV,23438240000,85.0735379448286,16.497441787438,16.0169876236441,29.4861730232304,47.0740977138215
2015,YR2015,Equatorial Guinea,GNQ,13185496881.0174,38.9381457317245,21.921512888337,24.7014529043977,56.6584738218082,42.2195853462674
2015,YR2015,Eritrea,ERI,..,..,..,..,..,..
2015,YR2015,Estonia,EST,23311847750.9394,50.4667033302024,19.2232645126562,24.6409611018289,76.0344602333505,72.4726968902071
2015,YR2015,Ethiopia,ETH,64589328550.5953,71.2444353893903,9.01378857603043,40.6712729848122,9.36331359735926,30.2928105475922
2015,YR2015,Faroe Islands,FRO,2573905971.05459,46.9527054339666,28.2577813709072,23.9677773286366,53.2164924640527,52.3941791303344
2015,YR2015,Fiji,FJI,4682479893.97558,60.9447035022606,20.1527985284384,22.4179309002466,48.8367555799083,52.3522933763022
2015,YR2015,Finland,FIN,233210733506.25,54.780391261323,24.5228172337672,21.9056862297328,35.7815711349623,36.1802542437391
2015,YR2015,France,FRA,2442483452642.5,53.9733413476214,23.7757617692292,21.7165418613305,31.6934947262689,31.8111924693795
2015,YR2015,French Polynesia,PYF,5325846361.81186,65.3432539821093,31.0890833292599,19.9706011745564,19.613765074754,36.0167035606796
2015,YR2015,Gabon,GAB,14383107762.6952,37.8384101109841,14.816398045437,29.2309562924902,46.0320085043705,27.9177729544577
2015,YR2015,"Gambia, The",GMB,1378176608.93204,81.6612287203754,8.32657938721957,20.3498140429739,15.5708485829147,28.9515244974666
2015,YR2015,Georgia,GEO,15223796148.8396,75.2554654393887,14.6096581567674,26.8771593145768,40.1372493342596,56.8790621743661
2015,YR2015,Germany,DEU,3423568450957.03,51.9491517184386,19.3122356715765,19.4617989726638,42.6044431481211,35.1869136162559
2015,YR2015,Ghana,GHA,49436806230.4839,73.4677293047446,7.6804908567544,27.7096411705743,33.8317048233696,42.6895661009546
2015,YR2015,Gibraltar,GIB,..,..,..,..,..,..
2015,YR2015,Greece,GRC,194567373678.099,68.6886594094333,20.7679837462522,12.0084097844243,32.1863775524943,33.085423586627
2015,YR2015,Greenland,GRL,2499113022.81675,39.7126170169741,44.1988128798963,24.0296661076021,37.5798451272169,45.5215358812404
2015,YR2015,Grenada,GRD,997007407.407407,..,..,..,..,..
2015,YR2015,Guam,GUM,5799000000,56.6821865838938,..,..,18.0720813933437,53.26780479393
2015,YR2015,Guatemala,GTM,62186064757.9334,84.3173740502344,11.0881086448449,14.8281550887065,19.8299077431227,30.0635455269085
2015,YR2015,Guinea,GIN,8794201742.84609,85.7837320133204,19.5018955831566,24.16336683296,21.4968719824351,50.9458587644995
2015,YR2015,Guinea-Bissau,GNB,1152384166.79638,72.86449641349,16.4379138210165,14.6862099976075,25.0467119622253,29.3236636269032
2015,YR2015,Guyana,GUY,4279840193.7046,..,..,..,..,..
2015,YR2015,Haiti,HTI,14849629308.6025,96.0676253577978,8.25780291243123,13.9737286463314,11.767746984448,30.1779911327564
2015,YR2015,Honduras,HND,20979791685.416,77.5076606432768,14.3052467695847,25.1180047488604,45.1667574562581,62.097647897982
2015,YR2015,"Hong Kong SAR, China",HKG,309385622601.348,66.4263972513635,9.64286905615691,21.5414797271378,195.89760161449,193.508347649149
2015,YR2015,Hungary,HUN,125244126623.289,49.0139519342068,19.7028762956894,23.8567656111926,87.4348841373907,79.8558543571336
2015,YR2015,Iceland,ISL,17517210519.0912,49.6837817037925,23.4273546291346,19.4036286821863,51.6517214467662,44.1664864618796
2015,YR2015,India,IND,2103588360044.94,59.007281077807,10.4282907091862,32.1167301358276,19.8131891564045,22.1097247094602
2015,YR2015,Indonesia,IDN,860854232686.214,57.4500178976656,9.74941376966575,34.0627921803386,21.1601792598059,20.7774609817235
2015,YR2015,"Iran, Islamic Rep.",IRN,409191686496.677,53.4215909836335,15.5688232193039,31.9824085202657,18.7208345068656,20.7017541543144
2015,YR2015,Iraq,IRQ,166774104959.102,55.679054762146,18.6660985734816,20.359651707882,34.5141464410956,35.0776221572159
2015,YR2015,Ireland,IRL,302391428540.035,31.8117725685217,12.1030993591123,26.0589198204991,122.924661429277,93.2810159205193
2015,YR2015,Isle of Man,IMN,7084800892.22284,..,..,..,..,..
2015,YR2015,Israel,ISR,303469434072.296,52.8843326200195,21.9177306694707,22.0950032219134,30.8618661959764,28.0361057195896
2015,YR2015,Italy,ITA,1845428048839.1,60.4791490921811,19.0193134916677,17.2813174853484,29.144111052532,26.2915747622901
2015,YR2015,Jamaica,JAM,14188936918.0036,81.1062634476467,13.816001547289,21.3519257060259,29.9216654806929,46.1958561816546
2015,YR2015,Japan,JPN,4444930651964.18,55.7707966603492,19.617744139153,25.1653478796719,17.4367598376529,17.990648516827
2015,YR2015,Jordan,JOR,38587017887.3239,79.6115377445396,17.8232606852775,24.8350329106344,36.5444370225267,58.8134752041523
2015,YR2015,Kazakhstan,KAZ,184388404706.042,53.7178141400066,11.6327261488061,27.9079156027413,28.5167080072354,24.5330208000299
2015,YR2015,Kenya,KEN,70120446896.8359,75.5167578715507,12.7266800758884,22.1033982020293,15.1287339034504,25.1986507884515
2015,YR2015,Kiribati,KIR,191559398.688293,89.9085742253987,55.5671990424452,37.7690573638693,13.957451247692,95.9316471542394
2015,YR2015,"Korea, Dem. People's Rep.",PRK,..,..,..,..,..,..
2015,YR2015,"Korea, Rep.",KOR,1466038936206.43,48.5405607795899,15.0835297322035,29.5292808218765,42.989561527711,36.142932861381
2015,YR2015,Kosovo,XKX,6295848422.71573,85.0770730345623,13.608097246187,30.4324686404239,22.4513928552736,51.5690493993839
2015,YR2015,Kuwait,KWT,114585555830.916,41.5493104557875,24.1918105835862,25.4281226819183,53.7653723836976,44.9346159391882
2015,YR2015,Kyrgyz Republic,KGZ,6678177511.66313,90.5465732721874,17.755373303036,34.6714692626578,35.1896004872594,75.7719702273738
2015,YR2015,Lao PDR,LAO,14426380125.6488,71.2301462687204,15.1066545133558,31.556651604237,33.9522573081909,51.8460643954901
2015,YR2015,Latvia,LVA,26344565876.8902,61.9515080337511,18.7095636533339,24.1497367174547,62.5955625575744,63.7844518484318
2015,YR2015,Lebanon,LBN,49929337836.8159,90.8051834974673,12.5317444279389,22.2227792570986,23.1396677268024,48.6993749079787
2015,YR2015,Lesotho,LSO,2359686724.53829,76.5585693579099,36.9439612312321,30.4366347369568,42.8918037123102,86.8309693705568
2015,YR2015,Liberia,LBR,3227075700,..,..,..,..,..
2015,YR2015,Libya,LBY,48717501321.3052,44.2315322986932,50.8364653413406,17.382012837146,22.2273741215145,34.6775332111739
2015,YR2015,Liechtenstein,LIE,6268515276.17441,..,..,..,..,..
2015,YR2015,Lithuania,LTU,41540954817.2039,62.3559556049065,17.1689914887841,22.5552269115381,68.6043807818409,69.5911942277597
2015,YR2015,Luxembourg,LUX,60071584216.1375,32.5344281617568,15.9681641919044,18.9584857711264,191.835449041844,159.296525319647
2015,YR2015,"Macao SAR, China",MAC,45048190598.3249,26.4786993895048,9.66895370689559,25.336939962414,78.5067332391829,39.9916043012666
2015,YR2015,North Macedonia,MKD,10064519962.5655,68.8425165577132,16.9763522579676,30.4035752494839,48.7379999069691,64.9604439721337
2015,YR2015,Madagascar,MDG,11323020701.3017,73.306904570902,15.1403201984676,15.9918879278761,28.3906461296836,32.8297327068242
2015,YR2015,Malawi,MWI,9219474379.31534,..,..,..,..,..
2015,YR2015,Malaysia,MYS,301355266964.947,53.9618666603771,13.0865607985559,25.424263277142,69.4486908970754,61.9213815481844
2015,YR2015,Maldives,MDV,4129505319.12921,40.8779173050473,18.0820885797839,31.9049232315583,76.4277887724561,67.2927178888456
2015,YR2015,Mali,MLI,15583181170.4105,73.8391650283042,14.3931607640933,24.8949550301917,20.2239475938187,33.3512284164078
2015,YR2015,Malta,MLT,11340795032.9304,49.3444487695694,16.9311225966288,23.454682372101,108.732518513193,98.4638797304467
2015,YR2015,Marshall Islands,MHL,183700000,77.4052259118127,56.1756668481219,17.3935220468155,44.2421883505716,94.2476320087099
2015,YR2015,Mauritania,MRT,6166863896.68677,63.8772434005292,14.6177765924186,38.4614769908791,30.1951447553349,47.1516417391617
2015,YR2015,Mauritius,MUS,12007291045.6489,72.5706520706236,14.1898055761446,17.4924454073778,51.4978524051162,55.6481270311876
2015,YR2015,Mexico,MEX,1213294467779.98,69.149254138871,11.901246125522,23.7361297427944,34.1627726855471,36.250201987055
2015,YR2015,"Micronesia, Fed. Sts.",FSM,316489900,..,..,..,27.0650027062475,78.2314696298365
2015,YR2015,Moldova,MDA,7797667196.73087,87.5910464516646,13.6994347068011,24.0620907895527,31.8069217883307,57.1594936682016
2015,YR2015,Monaco,MCO,6264756528.37691,..,..,..,..,..
2015,YR2015,Mongolia,MNG,11619892590.6941,61.8999405343556,14.87177395106,24.5138485191018,44.1840502346828,45.4696132431312
2015,YR2015,Montenegro,MNE,4054730077.57718,79.1617868541682,19.1958871663303,20.0951590800632,42.1180721256354,60.5709052261971
2015,YR2015,Morocco,MAR,110413823841.592,58.9633426365735,18.1564372764046,30.1771882324678,29.9958538899695,37.2928220354154
2015,YR2015,Mozambique,MOZ,16208985769.615,65.8561193103582,25.5147097732063,42.245787501845,32.5722935328402,66.1889101182498
2015,YR2015,Myanmar,MMR,59607290407.6191,..,..,..,..,..
2015,YR2015,Namibia,NAM,11335161083.5061,68.7121401100808,27.2285825878505,30.5564396891943,35.3708484097637,61.8681833775841
2015,YR2015,Nauru,NRU,84383388.6448573,..,..,..,71.9757769939104,129.162010769894
2015,YR2015,Nepal,NPL,24360801286.7638,83.5627331182745,8.81199699710941,31.2774348208688,10.2145885930146,36.4511417965013
2015,YR2015,Netherlands,NLD,775743675302.734,44.4546787285014,24.6510530267816,22.1699860549934,83.9918475345943,76.3339650302142
2015,YR2015,New Caledonia,NCL,8738203074.3957,65.3516304151212,23.8343005377614,34.7225325646771,18.0691662889356,41.9776298064953
2015,YR2015,New Zealand,NZL,178224167087.99,57.3058547789442,18.4818972567095,23.1953014645751,27.9337478332662,26.9175839010209
2015,YR2015,Nicaragua,NIC,12756696261.0676,70.4976722221046,14.0522981904084,33.4766376040407,40.0837782888412,58.1103863053949
2015,YR2015,Niger,NER,9683867926.44282,67.3363066127112,16.4975609653854,32.3568228692158,14.2683699619368,30.4590604092492
2015,YR2015,Nigeria,NGA,493026682800.63,..,..,..,..,..
2015,YR2015,Northern Mariana Islands,MNP,910000000,58.1318681318681,..,..,52.967032967033,69.7802197802198
2015,YR2015,Norway,NOR,388159512245.53,43.2648187022931,23.0978508285298,26.9188414862645,38.5751887349717,31.8566678050453
2015,YR2015,Oman,OMN,78710793237.9714,36.0636129036522,24.6382701731082,36.3715664991426,49.652560938135,46.7250192470997
2015,YR2015,Pakistan,PAK,299963590534.773,81.1391513901884,9.78896217933175,15.8109305452723,9.97457095124036,16.7136150659843
2015,YR2015,Palau,PLW,278824800,71.4324192109167,31.3680490401141,29.6950629929619,53.1408612146409,78.0903635544614
2015,YR2015,Panama,PAN,55767806100,49.6792759792643,9.86027277124678,42.2663686244598,47.3866198943049,49.1925374485908
2015,YR2015,Papua New Guinea,PNG,21723437010.0982,..,..,..,..,..
2015,YR2015,Paraguay,PRY,36211447840.0971,63.763890664478,11.8031750486187,21.8786824129486,34.734658699956,32.1804068260013
2015,YR2015,Peru,PER,189802976285.619,65.3174303790767,12.9655733799238,24.3051143583227,21.2873252858958,23.875443403219
2015,YR2015,Philippines,PHL,306445871242.322,72.472888094034,10.9116416620787,21.3409478711064,27.2080572390451,31.9335348662643
2015,YR2015,Poland,POL,480054118583.367,59.2254266773654,17.9050312672003,20.8016958781231,47.1616367257527,45.0937905484415
2015,YR2015,Portugal,PRT,199038523119.639,65.6717592686557,17.8825695753332,15.9379888733382,40.6876664090066,39.9470092176377
2015,YR2015,Puerto Rico (US),PRI,103375500000,59.6277647992029,8.80314968246828,8.59855575063724,67.1949349700848,41.6856992227365
2015,YR2015,Qatar,QAT,161739955576.923,22.2901929401077,20.227279470292,37.0671762300681,57.061477766584,36.6461264070517
2015,YR2015,Romania,ROU,177885131240.315,61.3847813328101,13.9413929099012,25.4960152893431,41.3491935848306,42.1713831168849
2015,YR2015,Russian Federation,RUS,1363482182197.71,52.6798287104904,17.7653892166562,22.148725318159,28.703389442924,20.6559598687647
2015,YR2015,Rwanda,RWA,8543760205.73641,80.6476358587307,13.8497879923213,24.240978094561,13.2317868359616,31.9701887799487
2015,YR2015,Samoa,WSM,824150498.653536,69.2243342243094,15.1943620487722,35.8616376044544,27.1409467284846,47.4934082767028
2015,YR2015,San Marino,SMR,1419401070.56043,40.3819120739787,19.9905353841669,12.0862040532505,174.452680954757,146.911332466153
2015,YR2015,Sao Tome and Principe,STP,259999643.047388,..,..,..,..,..
2015,YR2015,Saudi Arabia,SAU,693414400000,42.8763713781158,28.9147345848793,32.4339384933454,31.4401316153804,35.6651376146789
2015,YR2015,Senegal,SEN,17774766696.1759,72.6233626583814,14.2992772620651,25.8333087504104,22.6771945016724,35.4331431725293
2015,YR2015,Serbia,SRB,41297410634.9586,69.9858383982251,18.2577533473438,18.5143098449514,43.3851219752155,50.1430257911082
2015,YR2015,Seychelles,SYC,1432403352.12944,58.135954891048,22.2902862090887,26.8795153716518,90.0846282601248,97.3903842075545
2015,YR2015,Sierra Leone,SLE,6788352974.78329,90.7144795358928,6.75860278543363,18.0613249475414,10.4849570007466,25.9974388234853
2015,YR2015,Singapore,SGP,307998545269.398,37.1580806061532,10.1909083158792,25.353193018866,178.384608499682,151.08679044058
2015,YR2015,Sint Maarten (Dutch part),SXM,1417888715.0838,..,..,..,..,..
2015,YR2015,Slovak Republic,SVK,89178548717.3324,53.6430829050158,18.4916159434894,25.7777282551685,90.6938496191421,88.7321732758884
2015,YR2015,Slovenia,SVN,42709468274.8137,54.5150501932891,18.9985678506753,19.4686216573949,77.6641701406595,69.5541975738436
2015,YR2015,Solomon Islands,SLB,1307909887.55212,63.4494817276389,29.5651921906547,15.9452070674382,40.3605204942183,47.8278930030816
2015,YR2015,Somalia,SOM,6152149099.99942,124.266124336977,5.32198902658072,13.1480812127699,16.8715688310983,59.6077634074256
2015,YR2015,South Africa,ZAF,346709790458.563,63.6811239874379,18.9850713286308,18.6332066638376,27.7136384124829,29.0130377322327
2015,YR2015,South Sudan,SSD,11997800760.2242,..,..,5.75075637151052,36.6513492804707,28.8999999040295
2015,YR2015,Spain,ESP,1206164777553.12,57.971487758391,19.3555953756375,19.3734408230247,33.2986849561039,30.2833562687193
2015,YR2015,Sri Lanka,LKA,85090301052.0465,63.9447482782521,8.91065634760838,34.2757988098221,19.8933838202255,27.0245869886561
2015,YR2015,St. Kitts and Nevis,KNA,957222222.222222,..,..,..,..,..
2015,YR2015,St. Lucia,LCA,1807640740.74074,..,..,..,..,..
2015,YR2015,St. Martin (French part),MAF,..,..,..,..,..,..
2015,YR2015,St. Vincent and the Grenadines,VCT,786555555.555555,..,..,..,..,..
2015,YR2015,Sudan,SDN,51726758676.7677,85.3129743531689,6.17444136369761,12.8081335322639,6.42291092918573,11.9553619254684
2015,YR2015,Suriname,SUR,5126237646.22072,..,..,..,..,..
2015,YR2015,Eswatini,SWZ,3909281650.36128,58.5954128080917,22.7181370516426,17.2313886417592,44.8465696598776,43.391508161371
2015,YR2015,Sweden,SWE,501698263620.663,46.3559359082364,25.8927700038637,23.788437157721,43.7085174083032,40.4486565234909
2015,YR2015,Switzerland,CHE,694118186379.628,52.8681404124669,11.5375670168373,25.0748632817703,63.8289557538988,53.3095266146724
2015,YR2015,Syrian Arab Republic,SYR,16466863117.0009,92.8169241089617,16.7235303672229,..,14.2911046581269,36.79510316471
2015,YR2015,Tajikistan,TJK,8271431485.07484,71.2345373868625,11.5589531129237,44.6894530560362,9.80269842951246,40.1351176394431
2015,YR2015,Tanzania,TZA,47413919817.124,63.8618707070966,9.92729404696031,32.7586922845607,17.1049115530965,23.6527693247348
2015,YR2015,Thailand,THA,401296238228.084,51.3447030883008,17.1211512659094,22.3556406383245,67.6366902705865,57.2029718819397
2015,YR2015,Timor-Leste,TLS,1590282400,58.0835076839183,58.9435184593629,36.9492802033148,3.05030729133392,57.02661363793
2015,YR2015,Togo,TGO,5755461035.38026,78.0486331010107,13.0134386944817,25.1850305559403,25.9760750558981,42.2240133650803
2015,YR2015,Tonga,TON,437525538.903019,94.351994090538,21.29255365448,24.5716110576572,16.9401125903063,64.4140528511037
2015,YR2015,Trinidad and Tobago,TTO,26841143094.6765,..,..,25.3091748883586,..,..
2015,YR2015,Tunisia,TUN,45779494041.9295,70.8042787370465,17.9055746963883,21.7389997127019,38.3998387567342,48.848691902871
2015,YR2015,Turkiye,TUR,864313810469.009,60.0216142959691,13.805172456767,28.1992021702007,24.5312773389092,26.557266261846
2015,YR2015,Turkmenistan,TKM,35799714285.7143,..,9.57948586979944,..,35.6754642894197,45.6244662766662
2015,YR2015,Turks and Caicos Islands,TCA,942070000,..,..,..,..,..
2015,YR2015,Tuvalu,TUV,36811936.0824587,..,..,..,..,..
2015,YR2015,Uganda,UGA,32387183730.1002,76.7507841773604,8.95453398978222,23.8597944507535,12.8773253147369,24.8119730176989
2015,YR2015,Ukraine,UKR,91030967789.0717,67.7537937304882,18.9241475169772,15.9333160342442,52.5976795082231,55.2089367899327
2015,YR2015,United Arab Emirates,ARE,370275469571.137,41.4725818151239,12.0210761018591,22.3269675163384,96.8278056324385,72.6484310657599
2015,YR2015,United Kingdom,GBR,2927911140916.73,64.0937336775112,19.5485300693835,17.8693846072767,27.845950666101,29.3575990202724
2015,YR2015,United States,USA,18295019000000,67.2174103782018,14.2333167295426,21.4151895660781,12.4111486301271,15.2770653039497
2015,YR2015,Uruguay,URY,57680327998.6689,66.8313379123407,13.8358099973704,19.7053903958941,22.4778512515741,22.8503895571793
2015,YR2015,Uzbekistan,UZB,86196264755.3105,64.9030579184122,13.616882159228,26.3433388950841,13.7735112287545,16.982680201966
2015,YR2015,Vanuatu,VUT,759690180.951654,65.8759873426894,15.839754583444,33.6795574772338,44.2873016256431,64.4713640426097
2015,YR2015,"Venezuela, RB",VEN,..,..,..,..,..,..
2015,YR2015,Viet Nam,VNM,239258328381.741,59.3326292973603,10.6549127142472,32.1089158178217,72.9228518369495,71.9913763582877
2015,YR2015,Virgin Islands (U.S.),VIR,3663000000,69.99726999727,28.2555282555283,..,41.6325416325416,43.1340431340431
2015,YR2015,West Bank and Gaza,PSE,13972400000,88.3763705591022,25.0100197532278,25.0880306890727,16.0623801208096,54.7185880736309
2015,YR2015,"Yemen, Rep.",YEM,42444490073.7255,86.5948822351524,10.6144941952855,..,9.05157754575297,21.3160815387017
2015,YR2015,Zambia,ZMB,21251216798.7762,46.594826890463,14.7806073693567,42.8051164515408,37.1385258014734,42.7267429559224
2015,YR2015,Zimbabwe,ZWE,19963058858.4528,89.5159776200668,18.8777489892732,10.0359230470755,19.160627339066,37.5890253213673
2015,YR2015,World,WLD,75723635302571.9,56.6388554482855,16.7166699830163,25.826529513768,28.0570668409606,27.3317283423753
2016,YR2016,Afghanistan,AFG,18116572395.0772,..,..,..,..,..
2016,YR2016,Albania,ALB,11988668784.6628,77.7555353366274,12.1050326390236,26.814346013014,28.6697931741608,45.3446572805207
2016,YR2016,Algeria,DZA,180763839522.151,41.1241999521921,20.0218426111777,51.6415142855742,18.4866879717888,31.2742448207328
2016,YR2016,American Samoa,ASM,671000000,69.0014903129657,..,..,63.9344262295082,95.230998509687
2016,YR2016,Andorra,AND,2896610479.73077,..,..,..,..,..
2016,YR2016,Angola,AGO,52761617225.9253,56.0257988654082,13.8806850814508,27.2147092687935,28.1244854472006,25.2456726203982
2016,YR2016,Antigua and Barbuda,ATG,1489603703.7037,..,..,..,70.0240929106175,62.0018249944678
2016,YR2016,Argentina,ARG,557532320662.955,65.7218914651221,17.6545781863509,17.6632278606203,12.5270951690009,13.5667926798789
2016,YR2016,Armenia,ARM,10546136235.5219,76.3036579586322,13.4541585167703,18.0155086734171,33.7442798606396,42.3336875987152
2016,YR2016,Aruba,ABW,2983635195.53073,54.5363563288531,23.4875270259162,20.5750100127193,71.8204350098217,70.4193283773103
2016,YR2016,Australia,AUS,1206836962281.84,56.9948139650187,19.9735933226935,25.4481836814214,19.2787442533207,21.6953352224542
2016,YR2016,Austria,AUT,393687359770.273,52.5472663085775,19.7584191442748,24.4571707244108,52.6634020833052,48.910092513867
2016,YR2016,Azerbaijan,AZE,37866996882.9157,58.7084527647405,12.8320634437288,25.6813382496045,46.4276493913136,43.6496693432541
2016,YR2016,"Bahamas, The",BHS,11880900000,64.4193621695326,10.718043245882,25.7808751862233,32.8518883249585,34.3610332550564
2016,YR2016,Bahrain,BHR,33884680851.0638,47.4829357848957,16.2780349588925,27.8856985037807,70.5882906981125,62.2347072046616
2016,YR2016,Bangladesh,BGD,265224515675.034,66.8644422199967,5.86529831496558,30.2397639179985,13.9212044814459,17.4129456531683
2016,YR2016,Barbados,BRB,5330761500,..,..,..,..,..
2016,YR2016,Belarus,BLR,47723545321.259,54.5097894659238,15.6531401067942,26.4775827022928,62.5093471231924,62.6999757764695
2016,YR2016,Belgium,BEL,474271566739.729,51.4852598951005,23.3498908084191,24.1815766017974,79.6181317071952,79.43956490475
2016,YR2016,Belize,BLZ,2240200000,60.954379073297,18.1233818409071,17.9894652263191,47.2948843853227,49.1697169895545
2016,YR2016,Benin,BEN,11821065853.3838,73.2204938310377,10.2808187596981,20.2720396046954,27.6067880711982,31.3801402666294
2016,YR2016,Bermuda,BMU,6899911000,48.8186441825119,12.1305912496553,12.8032086210967,49.3300565760921,23.4198528067971
2016,YR2016,Bhutan,BTN,2357504760.78592,47.634372901397,18.1053243492064,56.3993877727553,27.1228339132394,49.2619189365981
2016,YR2016,Bolivia,BOL,33941126193.9219,68.9094094156792,17.4582521973373,21.0573618533858,24.4880055394464,31.9130289632108
2016,YR2016,Bosnia and Herzegovina,BIH,17116926327.6247,77.335006767695,20.9094500085164,22.7149682778236,35.9087093866022,52.3353257819525
2016,YR2016,Botswana,BWA,15082637184.0496,40.6985608181809,28.4757218286483,22.0676982064961,54.6113547604529,45.8533350055731
2016,YR2016,Brazil,BRA,1795693482853.01,64.2514795915964,20.3792974264123,14.9695469721031,12.4666790429968,12.0670030347037
2016,YR2016,British Virgin Islands,VGB,..,..,..,..,..,..
2016,YR2016,Brunei Darussalam,BRN,11400266055.3232,21.1503722375292,26.2231785348887,34.6202628217566,49.5777773330629,37.7420239181075
2016,YR2016,Bulgaria,BGR,53929397039.2106,60.5323571961446,15.5888636114576,18.9624324900328,63.8609305294392,58.9445838270742
2016,YR2016,Burkina Faso,BFA,12833363045.3367,68.7585986446242,16.5070965979117,20.7955479484027,25.915964804251,31.9772079951896
2016,YR2016,Burundi,BDI,2644487776.50077,77.5640526915822,23.4731936302723,9.23740996969432,6.38452218976084,16.6592030672841
2016,YR2016,Cabo Verde,CPV,1849789985.99572,64.045219664692,19.8316445191845,28.5553782407275,41.4729487181747,53.9051911427786
2016,YR2016,Cambodia,KHM,26556545153.3573,73.8019834566064,5.32085003676989,30.3850325759008,56.4318377218234,66.2727178808437
2016,YR2016,Cameroon,CMR,33814337044.3765,70.7962735457218,12.1243456243326,19.8180548448427,18.9499787559649,21.6886527708619
2016,YR2016,Canada,CAN,1527994741907.43,58.4843100556742,21.0480401948524,22.7611201594839,31.5025724093362,33.8611121122194
2016,YR2016,Cayman Islands,CYM,4909322237.28895,..,..,..,..,..
2016,YR2016,Central African Republic,CAF,1825018144.65595,84.0154006043369,14.408108617903,22.463467946845,14.8218796578137,35.7087643640963
2016,YR2016,Chad,TCD,13026289835.7789,69.5522123646316,10.8312408448115,18.3585890168831,22.6079863534137,21.35002857974
2016,YR2016,Channel Islands,CHI,9169278152.84904,..,..,..,..,..
2016,YR2016,Chile,CHL,249344863928.438,62.1600869557152,14.3426676192841,23.7087902931288,27.9231581098221,28.1347029779502
2016,YR2016,China,CHN,11456024084962,39.1623543569108,16.4004661104345,42.1386166189127,19.2036507364961,16.9735199564108
2016,YR2016,Colombia,COL,282720100286.228,69.059670148255,14.5412847223026,23.1674195572494,14.7171392781975,21.4855137060045
2016,YR2016,Comoros,COM,1012835492.51575,92.6114994924016,10.6149160629911,12.5606730066488,10.6728955768962,26.4599841389376
2016,YR2016,"Congo, Dem. Rep.",COD,37134801555.3322,83.1744325377314,7.43795742156919,17.3999358977091,23.9564422023011,31.9687680601104
2016,YR2016,"Congo, Rep.",COG,10931328150.8478,45.5473955692682,21.3085234763745,71.266855758205,42.068526050081,80.1912922339397
2016,YR2016,Costa Rica,CRI,58847019609.743,64.0606655187929,16.7086790791827,18.8889409779287,31.2600963003508,30.9183818762552
2016,YR2016,Cote d'Ivoire,CIV,48407761036.8238,64.6222566260733,9.86519507238038,23.1954091913848,24.9418624533151,22.6237159080384
2016,YR2016,Croatia,HRV,52654855638.1057,57.0362654029716,21.9663370183873,19.8950899382395,46.6165483632852,45.5142407228836
2016,YR2016,Cuba,CUB,91370407863.7,55.8481692192083,31.8958566518043,9.56020685934834,14.9825313469337,12.2865819059784
2016,YR2016,Curacao,CUW,3024690167.59777,68.3536467856332,16.0670226272218,28.6395278604093,62.995509914548,76.0574692224813
2016,YR2016,Cyprus,CYP,21046462280.5979,65.5126935066585,15.487159442376,17.0541463112928,70.4840522281272,68.538046229121
2016,YR2016,Czechia,CZE,198160659303.939,46.9343365620283,18.7814653223292,25.0750046974725,78.108333006403,70.4386716580323
2016,YR2016,Denmark,DNK,312181849372.233,46.8126107116679,24.9429154800128,21.680712423112,53.7439528985173,47.7088309101261
2016,YR2016,Djibouti,DJI,2604955228.70117,61.3781005409931,22.2299077070923,21.9359401140492,103.764025112093,109.307973495828
2016,YR2016,Dominica,DMA,612711111.111111,..,..,..,..,..
2016,YR2016,Dominican Republic,DOM,75552902635.7075,70.8466748034738,10.3233829732791,22.1728652705364,24.1938670386292,27.5367900859185
2016,YR2016,Ecuador,ECU,97671433000,63.5201523049222,15.6897053000134,20.2460508591084,20.53929115589,19.9952006437747
2016,YR2016,"Egypt, Arab Rep.",EGY,332441717791.411,83.0885066804458,11.4268841809995,15.0402303092936,10.3454639403558,19.9010851110947
2016,YR2016,El Salvador,SLV,24191430000,83.6179589218165,16.3164393340948,15.967514115536,28.4585905008509,44.3605028722982
2016,YR2016,Equatorial Guinea,GNQ,11240808847.8878,47.7490921488625,25.3273260838461,16.6986459903143,51.4128299447575,41.1879007790367
2016,YR2016,Eritrea,ERI,..,..,..,..,..,..
2016,YR2016,Estonia,EST,24561027787.7896,50.442857639243,19.3323940974428,24.7023530937166,75.4768621637455,72.2693705459549
2016,YR2016,Ethiopia,ETH,74296766562.127,66.466827098962,11.0526402184145,37.3487629699646,7.8120625822914,27.0869584993198
2016,YR2016,Faroe Islands,FRO,2813278868.78208,45.6579822792029,27.6578555512139,22.1636691977062,54.5363339704935,50.0163690319038
2016,YR2016,Fiji,FJI,4930213644.36653,63.8227955600549,18.9410516523449,21.1161731855769,46.6472413870702,50.5272491970504
2016,YR2016,Finland,FIN,238777818792.608,54.7852046894774,23.868772512134,23.5883124649425,35.3333302428645,36.3888798750214
2016,YR2016,France,FRA,2470407619777.13,54.3194538338948,23.7569423186251,21.5978606152326,31.498210070063,31.8445463682721
2016,YR2016,French Polynesia,PYF,5497036476.8031,64.8480133914258,31.1774195181382,18.3657938165901,19.6126341083126,34.0038608344667
2016,YR2016,Gabon,GAB,14023890265.3665,40.4392237312901,14.6412017071143,26.9822610431075,44.0353472921111,26.0980337724197
2016,YR2016,"Gambia, The",GMB,1484578885.97132,78.9831399949774,8.44661706335853,24.919934192266,12.7556347921577,25.3584531644371
2016,YR2016,Georgia,GEO,15444548901.9637,70.8396033157333,15.1857694306897,28.9031069953219,39.9992925341285,54.9269603042158
2016,YR2016,Germany,DEU,3537784107980.55,51.7415232892485,19.5190716214398,19.7348651955033,41.6238177033957,34.3607698108013
2016,YR2016,Ghana,GHA,56144179397.8516,72.1479346116913,7.88693112799624,25.4556554537134,31.193239148362,36.6837602962245
2016,YR2016,Gibraltar,GIB,..,..,..,..,..,..
2016,YR2016,Greece,GRC,193097239005.87,68.0126932819622,20.6180603140124,12.4680861540635,31.1793860165412,32.4782765724963
2016,YR2016,Greenland,GRL,2707139544.46695,37.467144432799,42.3437611461997,24.4966719162409,40.765047712594,45.0726252078338
2016,YR2016,Grenada,GRD,1061640740.74074,..,..,..,..,..
2016,YR2016,Guam,GUM,5901000000,57.3462125063549,..,..,18.9628876461617,51.4489069649212
2016,YR2016,Guatemala,GTM,66053403363.7384,84.5642377203707,10.4403527042847,13.8619687578343,18.7530893645122,27.6196485470019
2016,YR2016,Guinea,GIN,8595955222.49719,83.5430567663458,16.8835450171097,52.6698445118375,29.3715126043271,82.4679548110406
2016,YR2016,Guinea-Bissau,GNB,1245074264.10396,72.5734733640718,16.5063333685714,17.6713587535475,23.7747310385206,30.5259420089505
2016,YR2016,Guyana,GUY,4482697336.56174,..,..,..,..,..
2016,YR2016,Haiti,HTI,14069277526.2278,96.2523586223423,8.20929017383708,13.5922278864188,11.6019709432331,29.8089312729643
2016,YR2016,Honduras,HND,21717604952.1835,76.8964226020266,14.1139360855006,23.3771285357634,42.7141047814182,57.1016121691742
2016,YR2016,"Hong Kong SAR, China",HKG,320860317562.562,66.2532050535654,9.95636389333004,21.5074050489079,187.005128888725,184.722102884528
2016,YR2016,Hungary,HUN,128983560865.293,49.9396588697881,19.9032674759188,22.0321821931455,86.1114634598119,77.8604810403383
2016,YR2016,Iceland,ISL,20793168030.9524,49.2713115429827,23.0097492948063,21.0838902078912,47.4840362948306,40.8489873405107
2016,YR2016,India,IND,2294796885663.16,59.2952812328071,10.3085480747222,30.172690580036,19.1582349105946,20.9242508026814
2016,YR2016,Indonesia,IDN,931877364037.698,57.8268008139293,9.52781009028137,33.8587393039462,19.0889938536664,18.3323479486654
2016,YR2016,"Iran, Islamic Rep.",IRN,459042684192.698,51.0383219921872,15.7806947510813,29.1091993391312,21.1617079991403,19.2261389217023
2016,YR2016,Iraq,IRQ,166743557747.671,56.8330441528592,18.3892282517436,17.8772047937279,28.1085236792986,26.4797965093784
2016,YR2016,Ireland,IRL,305733136180.907,33.0531361735836,12.5240695012169,35.5941897092708,124.197180256152,105.56725280881
2016,YR2016,Isle of Man,IMN,6846377563.00683,..,..,..,..,..
2016,YR2016,Israel,ISR,321940971558.016,53.1149314927128,21.9138156537504,23.0646486702564,29.6960089388032,28.1030227462751
2016,YR2016,Italy,ITA,1887111188176.93,59.8043636160154,18.9253442826016,17.7118639941996,28.7987488919157,25.6333978099156
2016,YR2016,Jamaica,JAM,14077096676.6213,77.7002512812504,13.8399466204801,21.2881500305229,31.8134556140774,44.6417467596076
2016,YR2016,Japan,JPN,5003677627544.24,54.701499693404,19.6572481017318,24.8355973184149,16.0579692360598,15.2522776095286
2016,YR2016,Jordan,JOR,39892551126.7606,79.2692728795043,17.2505641942481,23.4044187563796,34.3952100655679,54.3255078299008
2016,YR2016,Kazakhstan,KAZ,137278320084.171,54.5443168838745,11.6308534068253,27.8275828886455,31.8438886422836,28.4677079441317
2016,YR2016,Kenya,KEN,74815144163.8931,76.4073215606295,12.609768629814,19.3484358309332,13.2497448006759,21.6152747725065
2016,YR2016,Kiribati,KIR,206467818.503227,89.1942346784838,59.3526254809295,29.9666166684789,16.6172805546414,94.6525101946617
2016,YR2016,"Korea, Dem. People's Rep.",PRK,..,..,..,..,..,..
2016,YR2016,"Korea, Rep.",KOR,1499679823909.61,47.9558009526307,15.2400223440118,30.1426786021619,40.1326509111205,33.4711585544775
2016,YR2016,Kosovo,XKX,6682677289.98994,81.7572045382757,12.0848144799198,33.5220002547509,23.8274047992876,51.1914075084587
2016,YR2016,Kuwait,KWT,109406674087.947,45.2285252820664,25.7054637840132,29.9591125160506,47.6322852785115,48.5253871296107
2016,YR2016,Kyrgyz Republic,KGZ,6813095379.1187,82.7994261135949,17.4341508597379,33.9391792937351,35.8254088751692,69.9981651422372
2016,YR2016,Lao PDR,LAO,15912501722.6143,65.6945314242839,13.9709429126153,29.0076540961796,33.209427456122,41.8824634642904
2016,YR2016,Latvia,LVA,27117105059.5075,62.8543008960586,18.476344400199,21.7559480147378,61.9284196446641,61.4020987849952
2016,YR2016,Lebanon,LBN,51147308774.1294,88.1445855533141,12.9841490908637,23.1425713718061,21.7261558874138,45.9974619033978
2016,YR2016,Lesotho,LSO,2114426452.2019,76.3557178141799,39.6241930676544,28.7760063691053,45.7796652454104,90.53558249635
2016,YR2016,Liberia,LBR,3398419600,..,..,..,..,..
2016,YR2016,Libya,LBY,49912073701.298,49.734423498693,48.4195100019886,13.8004674607543,14.5778875500388,26.5322885114747
2016,YR2016,Liechtenstein,LIE,6237302033.50132,..,..,..,..,..
2016,YR2016,Lithuania,LTU,42970749245.0336,63.1843179730729,17.0291846390389,20.2876398712687,67.7094248902699,66.9810247606071
2016,YR2016,Luxembourg,LUX,62216885435.9488,32.6340108327509,15.6742178009036,17.9319132619894,191.098633740622,157.338775636266
2016,YR2016,"Macao SAR, China",MAC,45070808688.9611,26.6553626534645,10.3989521124259,21.847179361943,76.6414870235109,35.5429811513443
2016,YR2016,North Macedonia,MKD,10672467073.2873,66.9181818946023,15.4300221084575,32.5096882119049,50.663842164107,65.5215662539194
2016,YR2016,Madagascar,MDG,11848613858.442,71.5222857514318,14.7612913030354,16.3659933895724,29.0925694335543,31.7421290495881
2016,YR2016,Malawi,MWI,7909868618.46366,..,..,..,..,..
2016,YR2016,Malaysia,MYS,301256033870.334,54.7877093226036,12.5648977951943,25.9955119994004,66.7754454542508,60.1235645714491
2016,YR2016,Maldives,MDV,4409942623.85538,43.7224678165629,17.664193009105,39.7662853405846,71.6136331301194,72.7665791488222
2016,YR2016,Mali,MLI,16743796799.8329,72.7812374905114,14.197455713639,27.3161677115008,19.658879222387,33.9537401380382
2016,YR2016,Malta,MLT,12025782885.2772,48.1446428320279,16.9416567117789,21.9405775854978,113.166511431044,100.192880476327
2016,YR2016,Marshall Islands,MHL,201800000,72.8715064420218,56.3810208126858,20.8306243805748,36.4933102081269,79.8330525272547
2016,YR2016,Mauritania,MRT,6398747592.13185,60.5848499954762,13.4404887144015,31.2776418660843,33.9251405488546,39.2281211248166
2016,YR2016,Mauritius,MUS,12594155464.4136,71.1909655511371,14.8827130155042,17.2729100576382,47.8249407979983,52.1920378892811
2016,YR2016,Mexico,MEX,1112233497452.7,68.9305753669231,11.5736804911904,24.3433923355958,36.8156772514808,38.8746261573743
2016,YR2016,"Micronesia, Fed. Sts.",FSM,325000000,..,..,..,28.2724,74.6122769230769
2016,YR2016,Moldova,MDA,7980917075.7748,86.9078076657934,14.376992859583,21.9868853235417,32.8664989349745,56.1381847838926
2016,YR2016,Monaco,MCO,6471290793.55029,..,..,..,..,..
2016,YR2016,Mongolia,MNG,11181350649.3573,60.7261438290346,15.9552953447701,22.6294099437432,50.872194055814,50.1830431691832
2016,YR2016,Montenegro,MNE,4376930578.32395,76.7553122481324,19.6117253227003,26.1045756030723,40.6006659735659,63.0722791474709
2016,YR2016,Morocco,MAR,111572947004.917,59.3337531037268,18.3617257132517,31.9579912798641,30.7345951424219,40.3880652392646
2016,YR2016,Mozambique,MOZ,12069051237.1711,67.2756260975085,26.0744614430361,46.2803958702032,35.3819373953665,75.0124208061143
2016,YR2016,Myanmar,MMR,63298361996.2153,..,..,..,..,..
2016,YR2016,Namibia,NAM,10722018732.0936,74.9297858681961,26.9873492327104,22.0299428254904,35.0094674181023,58.9567205420598
2016,YR2016,Nauru,NRU,97276023.0784346,..,..,..,72.5859443303977,98.0284402812588
2016,YR2016,Nepal,NPL,24524109483.5293,88.4311225928752,7.92601848392004,28.2409991995242,8.1795780409177,33.9359080838193
2016,YR2016,Netherlands,NLD,797163949289.885,43.8839171034818,24.2777102787517,19.7764432256049,80.9095011629118,70.0560280487382
2016,YR2016,New Caledonia,NCL,8724568954.89799,65.7971566117495,24.4656420375773,29.2358447236138,19.2654863869492,38.7641297598898
2016,YR2016,New Zealand,NZL,189100085275.23,57.8935162177385,18.1231524736147,23.1657261077796,26.6113743203496,25.7948734939094
2016,YR2016,Nicaragua,NIC,13286093388.4752,70.3884558968472,14.4608322130013,31.2003868955466,38.8820263906579,54.9317014223508
2016,YR2016,Niger,NER,10398861981.7583,69.3303641554038,15.2699976502753,27.5210696310413,12.1833388939158,24.3047703306361
2016,YR2016,Nigeria,NGA,404649125252.16,..,..,..,..,..
2016,YR2016,Northern Mariana Islands,MNP,1230000000,46.4227642276423,..,..,71.7073170731707,81.1382113821138
2016,YR2016,Norway,NOR,370956547619.048,45.2953192117547,24.2188229593057,27.7264215581661,35.9381714261875,33.1786709712824
2016,YR2016,Oman,OMN,75128738621.5865,38.0132931768616,26.1249004742618,36.0864748848963,41.3196247446948,41.5446394571953
2016,YR2016,Pakistan,PAK,313630000130.435,80.6834433457432,10.6089550735839,15.9357468463989,8.73671639116568,15.9648616568916
2016,YR2016,Palau,PLW,298323500,70.4211032654149,30.4724904340422,29.9994804298019,49.1883475488857,78.2189804021473
2016,YR2016,Panama,PAN,59760858700,50.139878930488,10.5122480443876,40.2623341153563,41.7407554754564,42.6552163983547
2016,YR2016,Papua New Guinea,PNG,20758876952.6232,..,..,..,..,..
2016,YR2016,Paraguay,PRY,36089700222.9461,62.3036847942128,11.3629906714553,19.8061739561247,37.1432329052059,30.6160823269988
2016,YR2016,Peru,PER,191898104390.379,65.0032115219526,13.1636888035228,22.0213133889585,22.6003137409908,22.7885274554247
2016,YR2016,Philippines,PHL,318627003016.731,72.553588372861,11.2579676044704,24.618503101685,26.6730033435157,35.1030624218713
2016,YR2016,Poland,POL,473259623976.262,59.1441938733949,17.8215503011855,20.0873009067718,49.906428862355,46.9594739437073
2016,YR2016,Portugal,PRT,206305431241.638,65.4704687338712,17.5981688967244,16.0283624571119,40.3550889260564,39.1672575583436
2016,YR2016,Puerto Rico (US),PRI,104336700000,58.4448233459559,8.24609173953173,8.07529852870562,68.7581646726416,41.5158807974567
2016,YR2016,Qatar,QAT,151732181868.132,25.7071160130535,19.543730900119,48.8690702249518,47.7138414909054,41.8337586290298
2016,YR2016,Romania,ROU,185290759248.844,62.0862296113792,15.3089409783507,23.6646873522112,42.4163351743737,43.4761931163147
2016,YR2016,Russian Federation,RUS,1276786350881.14,53.2478120353532,18.4659193773134,23.0954224731096,25.8544829769167,20.6636368626929
2016,YR2016,Rwanda,RWA,8695272060.67925,77.6775559264138,15.0678995077858,25.8958453602119,15.4218031562888,34.0631039507003
2016,YR2016,Samoa,WSM,843924796.697421,67.445862321015,12.5741297099179,35.4648827223798,28.7780203174489,46.4337971498413
2016,YR2016,San Marino,SMR,1468343139.74326,38.5439228320615,19.696629853926,15.7691979335881,173.068169220566,147.077919840142
2016,YR2016,Sao Tome and Principe,STP,292267272.196925,..,..,..,..,..
2016,YR2016,Saudi Arabia,SAU,689279466666.667,46.6801274219494,24.8383819547988,28.1170520868555,29.1430897114591,28.7785737995774
2016,YR2016,Senegal,SEN,19040312333.1864,71.593498978499,14.0312810079519,25.3616730282266,21.5608580962682,32.5473111109457
2016,YR2016,Serbia,SRB,42225495909.5633,69.1287305780773,17.4876963346774,18.1669241245312,46.4536704388373,51.2370236043431
2016,YR2016,Seychelles,SYC,1568513348.14463,62.6665236017317,22.3644110312255,25.1347394249892,85.3502574058314,95.5159309851078
2016,YR2016,Sierra Leone,SLE,6084297211.10217,84.3124615304359,7.83245707032084,17.6618966541204,14.1122493760391,28.954963320957
2016,YR2016,Singapore,SGP,319646468521.497,36.4635649446124,10.2365840342405,26.3971777576543,164.550664245506,138.288991801068
2016,YR2016,Sint Maarten (Dutch part),SXM,1427017206.70391,..,..,..,..,..
2016,YR2016,Slovak Republic,SVK,90347173228.6356,54.7115307371006,18.7978158666459,24.5392697834922,92.3116870095116,90.4456925866891
2016,YR2016,Slovenia,SVN,44290685824.0682,54.5793952014031,19.2401548940592,18.8479088939625,78.4365866675597,69.8018614128279
2016,YR2016,Solomon Islands,SLB,1379490304.2254,62.7758928897158,29.083214767794,17.216628360877,39.7285761190763,45.8210207580898
2016,YR2016,Somalia,SOM,6613743069.99912,123.336352102986,5.90765767381111,12.8456368959279,16.1359579394828,58.225604612142
2016,YR2016,South Africa,ZAF,323585509674.481,63.2810689700761,19.3075616545523,16.9604522948246,28.1560881698955,27.7051693349827
2016,YR2016,South Sudan,SSD,..,..,..,..,..,..
2016,YR2016,Spain,ESP,1243015667917.12,57.7278762421336,18.9554100877408,19.0611122143393,33.5770329849408,29.6116448657886
2016,YR2016,Sri Lanka,LKA,88000211171.5956,62.2001360389325,8.17028444044681,36.453044458329,19.8240360429518,26.6475009822669
2016,YR2016,St. Kitts and Nevis,KNA,1006818518.51852,..,..,..,..,..
2016,YR2016,St. Lucia,LCA,1868544444.44444,..,..,..,..,..
2016,YR2016,St. Martin (French part),MAF,..,..,..,..,..,..
2016,YR2016,St. Vincent and the Grenadines,VCT,814303703.703704,..,..,..,..,..
2016,YR2016,Sudan,SDN,42630376000,85.0539374396635,5.58845645649478,9.3059152625505,5.00449100738247,10.2771788829636
2016,YR2016,Suriname,SUR,3317421648.09918,..,..,..,..,..
2016,YR2016,Eswatini,SWZ,3724180911.37828,56.8196267509583,24.588105940075,17.3775053792354,45.2641326519506,44.0493707222193
2016,YR2016,Sweden,SWE,514218206628.325,45.9850156675446,26.4390383062153,24.3267362174214,42.9104474221915,40.3533533269797
2016,YR2016,Switzerland,CHE,687895460902.713,52.853582522135,11.5149617444437,25.561928395454,66.817725925772,56.7481985878047
2016,YR2016,Syrian Arab Republic,SYR,12597854877.4254,99.142385400627,16.7288942442319,..,21.6800989026841,45.4318376304087
2016,YR2016,Tajikistan,TJK,6992416096.89018,79.7002389109021,11.7568255694895,40.5223187316003,13.2003292553609,42.5243154353964
2016,YR2016,Tanzania,TZA,49774409374.4538,59.9258436230241,9.06650633826612,32.1747860509655,16.349975063904,19.0704953363596
2016,YR2016,Thailand,THA,413366349747.508,50.009454887848,16.8651827576018,21.1054892015174,67.0708839693011,53.5043433198287
2016,YR2016,Timor-Leste,TLS,1640464600,58.540940170242,55.6080698114424,39.8487599183792,3.15642288166413,57.1541988775619
2016,YR2016,Togo,TGO,6071170959.12093,77.8979434711672,15.4808063794364,20.1572623345869,25.9963700139807,39.5323821991712
2016,YR2016,Tonga,TON,420828254.541601,89.8046720040874,20.5881571325119,24.2123475342844,21.6622028615645,63.2290509593877
2016,YR2016,Trinidad and Tobago,TTO,23624333663.6693,..,..,19.1521463317753,..,..
2016,YR2016,Tunisia,TUN,44360072680.4476,71.3078083136297,18.7192573165881,20.4751125285847,38.2952955757822,48.7973687883644
2016,YR2016,Turkiye,TUR,869682881593.041,59.408351388198,14.7332129738232,28.0196036096236,23.0835091311263,25.244677102771
2016,YR2016,Turkmenistan,TKM,36169428571.4286,..,8.99220336037538,..,22.1505138514768,39.8955708451494
2016,YR2016,Turks and Caicos Islands,TCA,1032452000,..,..,..,..,..
2016,YR2016,Tuvalu,TUV,41629064.2232388,..,..,..,..,..
2016,YR2016,Uganda,UGA,29203988696.2626,71.7830918386281,7.3519468435187,25.4152882648293,12.4271644156806,18.7821976075312
2016,YR2016,Ukraine,UKR,93355869403.9223,66.5977604284791,18.602043207607,21.7241623615989,49.2986194577187,56.2225854554037
2016,YR2016,United Arab Emirates,ARE,369255326235.534,41.9026751711638,12.1122932563166,21.6356185610315,97.6631210861556,73.3137080820416
2016,YR2016,United Kingdom,GBR,2689106566899.61,64.74271268223,19.21828438301,17.9347223024184,28.9023395233588,30.7980588910172
2016,YR2016,United States,USA,18804913000000,67.6783189584552,14.1100041249858,20.8879562484549,11.8881592273253,14.5644385592212
2016,YR2016,Uruguay,URY,57480787465.2716,..,..,17.3891577314177,26.9316576016427,21.5389007769197
2016,YR2016,Uzbekistan,UZB,86138288644.171,66.292318949462,14.1399705792795,25.7592542108704,12.3330657085069,16.8592313302988
2016,YR2016,Vanuatu,VUT,804323576.861028,65.126247865305,14.462056871712,25.5704936446263,47.4423775630666,58.9095577026671
2016,YR2016,"Venezuela, RB",VEN,..,..,..,..,..,..
2016,YR2016,Viet Nam,VNM,257096001177.982,58.7370042916242,10.3983766667541,31.7245390951042,74.1072862556183,71.3022217174998
2016,YR2016,Virgin Islands (U.S.),VIR,3798000000,67.9831490258031,27.5934702474987,..,47.0247498683518,66.2717219589258
2016,YR2016,West Bank and Gaza,PSE,15405400000,87.8523115271268,23.5326573798798,25.2528334220468,14.3267945006296,51.0957196827087
2016,YR2016,"Yemen, Rep.",YEM,31317825274.1507,86.5948822351816,8.64832414801485,..,4.80920276155663,26.2723415294118
2016,YR2016,Zambia,ZMB,20958412538.3093,44.495103610399,16.0718741959666,38.2062329128451,35.3246757489657,38.6338855056502
2016,YR2016,Zimbabwe,ZWE,20548759858.0924,83.346911973929,18.1244452010652,9.86174106545716,19.9435777083308,31.2754599511169
2016,YR2016,World,WLD,76957345383656.7,56.9890257473999,16.701983612428,25.5291224397385,27.1057800037453,26.3829628756849
2017,YR2017,Afghanistan,AFG,18753456497.8159,..,..,..,..,..
2017,YR2017,Albania,ALB,13258268435.6048,75.2751802703053,11.851016747215,27.657593194662,31.0017957888583,45.7855860010406
2017,YR2017,Algeria,DZA,189880896903.073,42.0568226816155,18.8290421977276,48.2675922575805,20.3336795171675,29.4871366540912
2017,YR2017,American Samoa,ASM,612000000,76.9607843137255,..,..,59.1503267973856,102.287581699346
2017,YR2017,Andorra,AND,3000162081.11976,..,..,..,..,..
2017,YR2017,Angola,AGO,73690154990.7312,57.1824979755502,12.9358193168237,24.1303058646463,29.0041020030504,23.2527202247958
2017,YR2017,Antigua and Barbuda,ATG,1534855555.55556,..,..,..,64.4160024709769,63.2483211111674
2017,YR2017,Argentina,ARG,643628393281.364,66.7395733212516,17.6968939223042,18.2125671747754,11.3202833596733,13.9693177780045
2017,YR2017,Armenia,ARM,11527458709.0158,80.0299930273975,12.3185519874739,18.4217402148728,38.2160456550464,48.9863308847905
2017,YR2017,Aruba,ABW,3092429050.27933,55.1341101930684,23.021623543388,20.5511821265415,72.5486898260087,71.2556056890066
2017,YR2017,Australia,AUS,1325582658156.54,55.5657964731418,19.9482833661896,24.1763030856454,21.2566174818153,20.9471141947652
2017,YR2017,Austria,AUT,414926138132.691,52.804631487086,19.598940636538,24.9780618382281,54.3260296753968,51.2300370800408
2017,YR2017,Azerbaijan,AZE,40866627351.9817,57.5863902482022,11.3414124411056,24.3789256985575,48.547864732761,41.8544509495606
2017,YR2017,"Bahamas, The",BHS,12446900000,66.526605018117,11.7105464011119,27.5562589881818,31.7259719287533,36.6083121098426
2017,YR2017,Bahrain,BHR,37204813829.7872,42.5231704406304,15.8528821640076,33.5452340547335,72.2538621389219,64.1753776714721
2017,YR2017,Bangladesh,BGD,293732446624.596,66.9119168068661,6.02233215987973,30.9468731155675,12.8197468906003,17.179983781834
2017,YR2017,Barbados,BRB,5517340450,..,..,..,..,..
2017,YR2017,Belarus,BLR,54725405751.1559,54.4559623709907,15.652843263526,28.0303589091824,66.7896002012327,66.5781545217791
2017,YR2017,Belgium,BEL,500908767351.53,51.6628507611063,23.1178023270709,24.3318331321638,83.4444050525116,83.4596731852798
2017,YR2017,Belize,BLZ,2266300000,60.5392048713762,18.8192207562988,15.0465516480607,49.7948197502537,47.8974539999117
2017,YR2017,Benin,BEN,12701655836.9467,72.6260008793287,10.4789842865023,23.9604222292501,27.2055947818832,34.2710021769642
2017,YR2017,Bermuda,BMU,7142316000,49.1850822618322,11.6269288561301,13.763644733725,48.5381492501872,23.8542792001922
2017,YR2017,Bhutan,BTN,2591358009.20276,47.5427123411846,18.1851042374345,54.1677690599275,28.4464080232377,48.3419936617844
2017,YR2017,Bolivia,BOL,37508642170.767,67.6544376377648,17.0216400266816,22.220286318471,24.9041443675799,31.8005083890799
2017,YR2017,Bosnia and Herzegovina,BIH,18326373366.1105,75.5008870780169,20.1653336206043,24.6345950144464,40.3244111739223,56.3214679671966
2017,YR2017,Botswana,BWA,16105155856.7708,42.0420147553601,28.8780859521463,25.0058963191325,42.9200424885539,39.0039088877955
2017,YR2017,Brazil,BRA,2063514977365.65,64.4943063387721,20.1619046963757,14.6255875978858,12.5189678698768,11.8007665044289
2017,YR2017,British Virgin Islands,VGB,..,..,..,..,..,..
2017,YR2017,Brunei Darussalam,BRN,12128168046.7827,20.4755917749049,26.4772470124902,34.8047601846553,49.5733065162321,35.6035538991208
2017,YR2017,Bulgaria,BGR,59167647387.606,60.251810799351,15.5845769435159,19.8169984706422,66.9905214172473,62.6439076307563
2017,YR2017,Burkina Faso,BFA,14106955615.3442,66.5628491891213,17.7393231525305,22.0618365902649,26.4523856350501,32.8163945669667
2017,YR2017,Burundi,BDI,2723586962.84034,76.2948426528167,25.086288811734,8.80601560454674,6.02657432870477,16.2137187724929
2017,YR2017,Cabo Verde,CPV,1996741539.95088,68.8635053637986,17.7675351284663,29.2834862444324,42.0688035837608,57.9833303204581
2017,YR2017,Cambodia,KHM,29355665909.7905,71.7482810779214,5.24450335654665,30.6334526919382,56.3000536720904,64.8553976265984
2017,YR2017,Cameroon,CMR,36098547033.1655,71.3712625886384,11.6804244481323,19.4451374024879,18.3510985830022,20.8479230222608
2017,YR2017,Canada,CAN,1649265644244.09,57.9762323528326,20.7033313853187,23.5504692286096,31.4544101509781,33.6466506994867
2017,YR2017,Cayman Islands,CYM,5166281305.12522,..,2.01383567825568,..,74.021817064189,43.4147666231567
2017,YR2017,Central African Republic,CAF,2072349972.6818,82.9557126758878,14.0670343149476,25.6012512008403,17.2597737600181,39.8837719516938
2017,YR2017,Chad,TCD,13349041408.7152,68.8140472501652,9.56813070886601,18.5366518857505,23.1856157702325,20.1044456150142
2017,YR2017,Channel Islands,CHI,9170079922.77992,..,..,..,..,..
2017,YR2017,Chile,CHL,276154259981.097,62.0780221400637,14.6487131962187,22.6366699629063,28.3313768341631,27.6947821334076
2017,YR2017,China,CHN,12537559062282.9,38.9547629530877,16.501760892272,42.5497375507577,19.3356301658109,17.6152224501166
2017,YR2017,Colombia,COL,311866875156.879,68.5123159773638,14.8806426275244,21.5993768407696,15.1452897484005,20.1376251940583
2017,YR2017,Comoros,COM,1077439756.12221,92.1045060174717,10.823776632134,13.4334433748138,11.9013164484663,28.2630424728857
2017,YR2017,"Congo, Dem. Rep.",COD,38019264794.8263,73.3458336181219,5.45682325997594,24.9876783815733,35.2505221787596,39.0408574384307
2017,YR2017,"Congo, Rep.",COG,11834473039.3645,34.7105500003945,18.0865862122574,45.8944862253605,47.9627316588394,46.6543635995027
2017,YR2017,Costa Rica,CRI,60516044656.5298,65.1235385576051,16.3581746477264,18.0648742425179,32.7626831479388,32.3092705957879
2017,YR2017,Cote d'Ivoire,CIV,52512343996.69,66.5788896218036,10.2683859615717,20.8188163794498,25.4987866021143,23.1637208708339
2017,YR2017,Croatia,HRV,56186190437.9959,56.7724212403323,21.7982075145139,20.8240817861844,48.9133105322268,48.3080208721937
2017,YR2017,Cuba,CUB,96850649691.7406,55.9842398296518,30.8386160496217,10.2982486535126,14.5512704817734,11.6711658992247
2017,YR2017,Curacao,CUW,3033433240.22346,73.5343206358266,16.1220056813771,30.8959067067378,59.6296892793727,80.1827602645416
2017,YR2017,Cyprus,CYP,22946570628.7576,64.9242912299762,15.0336429268327,20.3824581997576,73.8364791392389,74.1768764188964
2017,YR2017,Czechia,CZE,221563575696.217,46.7213415444118,18.5098151426127,25.0897410946251,77.6844326231276,70.066402231634
2017,YR2017,Denmark,DNK,331610593961.988,46.4308556598143,24.4496622577768,21.9568242214893,55.3459515613736,48.869725359068
2017,YR2017,Djibouti,DJI,2762581334.22612,62.3648819183128,21.7735536161827,21.6328079279849,150.098361470494,155.869604932974
2017,YR2017,Dominica,DMA,563355555.555555,..,..,..,..,..
2017,YR2017,Dominican Republic,DOM,79070274743.1658,70.5513721346654,10.667738860033,21.1809206285418,24.1797519638034,26.5797835870437
2017,YR2017,Ecuador,ECU,104467486000,62.8686259378349,15.2975347755569,22.4803878213361,21.4855873912769,22.1321359260048
2017,YR2017,"Egypt, Arab Rep.",EGY,248362771739.13,84.490823053147,9.57903662572827,18.734101042151,15.0140868185672,27.8180475395935
2017,YR2017,El Salvador,SLV,24979190000,83.435011303409,16.1331092000982,16.6770019364119,29.0297643758665,45.2748868157855
2017,YR2017,Equatorial Guinea,GNQ,12200913878.9827,46.9753941785659,23.6949369917015,14.03171665413,58.8631052137026,43.5651530381
2017,YR2017,Eritrea,ERI,..,..,..,..,..,..
2017,YR2017,Estonia,EST,27469461919.1189,49.2270209732071,18.8749816531166,25.9381976210924,74.3055583828982,70.3300925612348
2017,YR2017,Ethiopia,ETH,81770885148.0574,66.5307403818863,15.4931325929715,38.4439871569806,7.62937471525016,23.4742747776515
2017,YR2017,Faroe Islands,FRO,2980057377.87967,43.4827463536108,27.5661940336433,23.4598770137724,56.3647913807999,50.8736087818265
2017,YR2017,Fiji,FJI,5353469174.47838,64.286751150362,19.2805271737474,21.4236915414976,46.015565038712,51.0060974871323
2017,YR2017,Finland,FIN,253846138440,53.5370662109601,22.9490979324095,24.309542246313,38.1663150961701,37.772467134834
2017,YR2017,France,FRA,2588868323334.71,54.1153969761492,23.7013842025535,22.1813991959176,32.311834044929,33.0840141110421
2017,YR2017,French Polynesia,PYF,5833352692.7995,64.5341166351561,31.2555278767273,19.6741291312004,19.556958430367,35.0207320734508
2017,YR2017,Gabon,GAB,14929487485.1623,39.9697438003019,13.2317051644466,21.2986084367913,50.2267539725926,24.8419864730712
2017,YR2017,"Gambia, The",GMB,1504909462.69521,86.0234367481567,7.86685508622327,22.9597266827213,18.4807348225843,37.252844786499
2017,YR2017,Georgia,GEO,16473125375.0684,71.814557329463,13.8912339138849,25.1248176100629,45.8765524915336,56.707725205612
2017,YR2017,Germany,DEU,3763092263752.95,51.1080390620544,19.4595495195295,20.5132823593337,42.3259814296135,35.24065551723
2017,YR2017,Ghana,GHA,60385409434.8567,76.2720436442525,6.9570521307014,19.5655199555214,33.8768747799681,36.6714905104435
2017,YR2017,Gibraltar,GIB,..,..,..,..,..,..
2017,YR2017,Greece,GRC,200381103984.298,68.8100060538919,20.4384126534599,11.8883016329317,34.7793204673102,36.1032862068475
2017,YR2017,Greenland,GRL,2851613679.03433,36.7955642655705,42.4119305960518,23.61529351157,40.692233747059,43.5150221202513
2017,YR2017,Grenada,GRD,1125685185.18519,..,..,..,..,..
2017,YR2017,Guam,GUM,6013000000,59.0221187427241,..,..,18.9755529685681,50.291036088475
2017,YR2017,Guatemala,GTM,71653754107.104,84.9103984023421,10.5728229818016,13.5961064660738,18.4950463289231,27.5743741791406
2017,YR2017,Guinea,GIN,10324668271.1362,74.3845981357814,15.2760215806747,22.270417145837,44.6602984531211,56.5913353153077
2017,YR2017,Guinea-Bissau,GNB,1469978606.12143,68.9954812413523,16.7287795836931,18.1207259537486,26.5343804075435,30.3793671863376
2017,YR2017,Guyana,GUY,4748174334.14044,..,..,..,..,..
2017,YR2017,Haiti,HTI,15093357161.1498,95.1112523649735,7.89768746069131,16.876979845919,11.0034703442067,31.0710774426844
2017,YR2017,Honduras,HND,23136247990.5977,77.3062901750634,13.4984164607115,24.8207131723601,43.0938548370178,58.7192562426045
2017,YR2017,"Hong Kong SAR, China",HKG,341273289534.466,67.0915784300787,9.83027217138145,22.0690168599844,188.902399636639,187.893267098083
2017,YR2017,Hungary,HUN,143335098991.862,50.0154172029342,20.1614178223679,23.2730768860194,85.7461533449483,79.2867024953192
2017,YR2017,Iceland,ISL,24728285177.4603,50.0957638673483,23.6772641856698,21.7414389075369,45.7322400076772,41.2467069682322
2017,YR2017,India,IND,2651474262755.45,58.725149676261,10.7671989547856,30.9821728344733,18.7917648392982,21.9507321152243
2017,YR2017,Indonesia,IDN,1015618744159.73,57.2755729741479,9.12057115207813,33.7105947957751,20.1773044351106,19.17819263535
2017,YR2017,"Iran, Islamic Rep.",IRN,489168731811.147,48.9161327205906,16.0623126390332,31.7965368195545,22.7356882630098,22.0091825028989
2017,YR2017,Iraq,IRQ,187217660050.676,51.4551307269291,16.3052516699702,17.8524768622366,33.9160634134979,25.8648489788178
2017,YR2017,Ireland,IRL,348532394023.595,30.8011221666782,11.9231267822528,34.0175752653868,124.814999164,101.138603389095
2017,YR2017,Isle of Man,IMN,6979788333.50279,..,..,..,..,..
2017,YR2017,Israel,ISR,358451839052.991,52.7849859353097,22.0647725999189,23.1765981056332,28.9776587580992,27.3024554959932
2017,YR2017,Italy,ITA,1970720904584.71,59.9796903742233,18.7448158290116,18.1694222906025,30.1398859152774,27.4431081122137
2017,YR2017,Jamaica,JAM,14808985132.7722,78.2944288333927,13.3827785913115,22.531839949341,34.6570625717339,48.8661099457791
2017,YR2017,Japan,JPN,4930837369151.42,54.6136947563884,19.4117955495929,25.2148269758242,17.5914391047836,16.831774467385
2017,YR2017,Jordan,JOR,41608435915.493,78.9926487517031,16.9453719425362,24.717360352457,34.3683691309957,55.3632313761401
2017,YR2017,Kazakhstan,KAZ,166805788827.233,52.5879857667772,10.5359417828743,26.3524825267661,32.3977529369879,24.427634998983
2017,YR2017,Kenya,KEN,82036510877.2599,77.9129619789056,12.3350790178839,20.6634949022773,12.7366599413725,23.2583979340349
2017,YR2017,Kiribati,KIR,222875736.343445,91.5441564600141,57.0528980680463,27.020838111836,13.2563087411954,87.3049382236315
2017,YR2017,"Korea, Dem. People's Rep.",PRK,..,..,..,..,..,..
2017,YR2017,"Korea, Rep.",KOR,1623074183501.9,47.5454734334871,15.4189724650817,32.2880634736146,40.9342069409884,36.1867108656532
2017,YR2017,Kosovo,XKX,7180764703.35718,79.236842039023,11.8229560623089,34.6926494889605,27.328844878341,53.0812924686335
2017,YR2017,Kuwait,KWT,120687539675.517,43.2953065064183,24.4212698186636,27.7308387769298,51.1963156476689,46.6437309151197
2017,YR2017,Kyrgyz Republic,KGZ,7702938379.42036,82.0794995887653,17.1301720323853,32.9020914624365,34.2528413648354,66.3646044484224
2017,YR2017,Lao PDR,LAO,17071155481.4994,..,..,..,..,..
2017,YR2017,Latvia,LVA,29391059767.4259,62.9148036631868,18.6703159549355,22.7120380081921,64.1399542639756,64.5740490649083
2017,YR2017,Lebanon,LBN,53027680685.9038,89.6049096795191,13.2087179804347,21.787935227326,21.9269331860238,46.5284960733038
2017,YR2017,Lesotho,LSO,2306741672.29006,89.5267185641496,39.6805700890466,22.2056129829322,47.4769340332662,98.8898372962274
2017,YR2017,Liberia,LBR,3390703400,..,..,..,..,..
2017,YR2017,Libya,LBY,67157452181.7738,39.1800045723858,40.2666940155162,13.7077561764599,27.1972557138798,20.3517104782416
2017,YR2017,Liechtenstein,LIE,6474308717.85289,..,..,..,..,..
2017,YR2017,Lithuania,LTU,47756764508.446,62.2057866445465,16.2993641257124,20.480115803004,73.6063406090345,71.3120524922902
2017,YR2017,Luxembourg,LUX,65712180342.9836,33.1899064625453,16.2193608860725,18.8897175502242,192.747503540731,161.046488439573
2017,YR2017,"Macao SAR, China",MAC,50383871120.8733,24.5441798699741,9.73042749288419,19.5830170062392,80.5341991834433,34.3915762610014
2017,YR2017,North Macedonia,MKD,11307067069.6658,66.6521599855041,14.920741749797,32.2729434757145,55.145719342637,68.9915645536526
2017,YR2017,Madagascar,MDG,13176313593.5509,71.6091931397316,16.1225669832662,15.8063768976943,30.9026308764808,34.4407706308106
2017,YR2017,Malawi,MWI,8943543793.5839,..,..,..,..,..
2017,YR2017,Malaysia,MYS,319109094160.343,55.3917530338003,12.1925918694431,25.5473434515187,70.011742508597,63.1434308633591
2017,YR2017,Maldives,MDV,4816426256.52914,46.4378203046716,14.5356776556599,42.8197158524795,69.0594484485378,72.8526621264145
2017,YR2017,Mali,MLI,18308362040.0521,72.8221122741178,13.3118876209049,25.5449834134051,18.9065075928847,30.5854909013125
2017,YR2017,Malta,MLT,14161366732.7153,44.8111233566449,15.8235739470646,19.1596389927706,116.626664199478,96.4212142849188
2017,YR2017,Marshall Islands,MHL,213700000,75.6660739354235,55.7505849321479,22.6604117922321,39.112915301825,86.0323350491343
2017,YR2017,Mauritania,MRT,6800135898.28827,58.5235669161392,13.381255831285,37.8988023757749,34.5056775300947,44.3093026532937
2017,YR2017,Mauritius,MUS,13713506130.6081,72.0118597219902,14.4507582566547,17.6679827687206,46.6067195222275,53.0950955989181
2017,YR2017,Mexico,MEX,1190721475906,68.2357005073906,11.2156675514112,23.8923507095274,37.5140886198874,39.438037420838
2017,YR2017,"Micronesia, Fed. Sts.",FSM,359000000,..,..,..,30.6008077994429,72.5809192200557
2017,YR2017,Moldova,MDA,9514404016.20949,86.8631721339315,14.7555707903283,21.9389542125047,32.5328465977446,56.0905436776933
2017,YR2017,Monaco,MCO,6430254652.58934,..,..,..,..,..
2017,YR2017,Mongolia,MNG,11480847740.736,56.2644226888335,13.9288663463462,27.4062542965908,59.1666792670253,56.7662226009379
2017,YR2017,Montenegro,MNE,4856599480.79882,74.7955090971557,18.4262673202312,30.2228075655993,41.0551905042252,64.4997744872114
2017,YR2017,Morocco,MAR,118540573367.844,59.3203904621397,17.9819739836974,31.658071451264,32.6064609907781,41.5668968878792
2017,YR2017,Mozambique,MOZ,13264640645.7768,66.8896417651083,24.5647654528052,32.2043068430655,41.043463320554,64.7021773815331
2017,YR2017,Myanmar,MMR,66053040483.0016,..,..,..,..,..
2017,YR2017,Namibia,NAM,12895153370.9132,70.6073213179798,25.6039125172173,17.7664956160323,33.6208040771432,47.5988620240004
2017,YR2017,Nauru,NRU,108862278.516511,..,..,..,60.271918073276,82.4408994335614
2017,YR2017,Nepal,NPL,28971588940.364,78.4967065304739,8.51853832194441,37.3250540060946,7.81218865494721,36.8302219675524
2017,YR2017,Netherlands,NLD,848233537845.884,43.5847646901357,23.9046907483542,20.2151929584837,85.1795472131327,74.4665124437146
2017,YR2017,New Caledonia,NCL,9174048681.98577,65.6068675232153,23.5139817745229,27.7917371370667,21.0077980936617,37.9203845284666
2017,YR2017,New Zealand,NZL,206745969246.073,57.4067964368195,17.904225778071,23.70401682613,27.5634416584186,26.5798553832619
2017,YR2017,Nicaragua,NIC,13785893007.4769,69.3767711078122,14.4104462520195,29.9154305259361,41.338969262606,55.0416171725122
2017,YR2017,Niger,NER,11185104251.6943,71.4933090571143,15.4619253267481,26.0152521380461,12.8065412142116,26.2645705228033
2017,YR2017,Nigeria,NGA,375745731053.427,..,..,..,..,..
2017,YR2017,Northern Mariana Islands,MNP,1560000000,41.9230769230769,..,..,69.2948717948718,62.1153846153846
2017,YR2017,Norway,NOR,401745275035.261,44.2856270178806,23.8057622649674,27.5528323979124,36.7322649944946,32.3765167676115
2017,YR2017,Oman,OMN,80856697009.1027,39.1506429844256,24.5282958178672,33.8433678359827,45.7165464756476,43.236601542648
2017,YR2017,Pakistan,PAK,339205534861.1,81.9421816133708,10.7537396161104,16.3328910849517,8.22161134395559,17.2504236583884
2017,YR2017,Palau,PLW,285600000,73.5831232492997,31.6743347338936,33.6645658263305,46.3616596638655,81.5615896358543
2017,YR2017,Panama,PAN,64327688800,48.7198884098569,10.9010526117332,41.4845748352147,41.4710106917443,42.576526548549
2017,YR2017,Papua New Guinea,PNG,22742699138.356,..,..,..,..,..
2017,YR2017,Paraguay,PRY,38997129473.5558,63.033843642592,11.1076787786728,20.6000429018101,38.1692845403814,32.9108498634563
2017,YR2017,Peru,PER,211007984080.911,64.1497175100183,13.2122751962604,20.7118137063238,24.7198719746973,22.7936783872998
2017,YR2017,Philippines,PHL,328480736802.76,72.1816478637188,11.3233663056554,25.5587738639602,29.5522908546692,38.6160788880035
2017,YR2017,Poland,POL,528356723263.073,59.7058546620754,17.5668407420539,19.9081446848915,51.6925275786294,48.8733676676502
2017,YR2017,Portugal,PRT,220862990767.229,64.7238454370746,17.2232442375481,17.44628649988,42.9426786480198,41.8651136589341
2017,YR2017,Puerto Rico (US),PRI,103445526000,60.373611518008,8.75581608043638,7.79405384820606,68.7237068135745,44.4079137844976
2017,YR2017,Qatar,QAT,161099122225.275,25.4929510585329,17.611430038472,42.6113615486274,52.889422628417,38.6051652911024
2017,YR2017,Romania,ROU,210147385855.419,62.803224816309,15.6975535819589,23.9867377562262,42.334274206143,44.8217903606371
2017,YR2017,Russian Federation,RUS,1574199360089,52.8711978676701,18.2168086477823,23.6067558621651,26.0908809797568,20.7856433573743
2017,YR2017,Rwanda,RWA,9252833894.1905,73.7759976252936,15.0074832365581,23.8350248025789,20.5283808772972,33.1468865404281
2017,YR2017,Samoa,WSM,884844384.463214,69.2991433258372,12.1192930081473,32.1825880825996,29.6622754715207,44.3488052893128
2017,YR2017,San Marino,SMR,1528620346.31168,37.3064984919667,19.867108852768,19.119353754217,168.778681335859,145.071642434811
2017,YR2017,Sao Tome and Principe,STP,322002845.229335,..,..,..,..,..
2017,YR2017,Saudi Arabia,SAU,741266133333.333,45.9507120789367,23.3805006784788,25.4757265766537,32.3625378991189,27.169441258704
2017,YR2017,Senegal,SEN,20996562943.5979,70.395567642372,13.6339715657972,29.8155743419591,21.9300831477167,35.775196697845
2017,YR2017,Serbia,SRB,45972834713.8077,69.2440066065671,17.5131315634351,19.7183969139317,48.1324550415002,54.6079901254341
2017,YR2017,Seychelles,SYC,1675370641.01416,63.4920710796687,21.5958431981451,24.5351766928824,93.9095722862406,103.532664131629
2017,YR2017,Sierra Leone,SLE,5749846528.48046,80.0135780220492,7.11636200315235,19.1399846347627,13.8506449181287,27.6707333162304
2017,YR2017,Singapore,SGP,343673334902.33,35.2080576989977,10.1720211105612,27.2765104656237,171.741625509838,145.05278377773
2017,YR2017,Sint Maarten (Dutch part),SXM,1353212122.90503,..,..,..,..,..
2017,YR2017,Slovak Republic,SVK,95978130734.9766,55.7630975477155,18.8324415253841,23.5559590901028,93.9524168738907,92.692270525658
2017,YR2017,Slovenia,SVN,48153200134.6613,53.0162007802001,18.6197208157994,20.2503347880345,83.8819801621931,74.820155682477
2017,YR2017,Solomon Islands,SLB,1469789119.08756,60.4288868953143,25.979918570147,19.5612794148092,38.6791801808019,43.5183907252778
2017,YR2017,Somalia,SOM,7621501710.0012,122.382721213065,6.37481874945745,13.8251070470324,13.0465010418362,55.6291480514478
2017,YR2017,South Africa,ZAF,381448814653.456,63.0089707732236,19.2360771279531,16.6107340612402,27.3400757812216,26.1958560481525
2017,YR2017,South Sudan,SSD,..,..,..,..,..,..
2017,YR2017,Spain,ESP,1321754088818.83,57.9562470513425,18.5432948383965,19.5656670290524,34.9003952055684,31.2670509322886
2017,YR2017,Sri Lanka,LKA,94369350285.5814,59.1121511173755,7.85322795456497,39.7266305226638,20.2242000361133,26.9162097643511
2017,YR2017,St. Kitts and Nevis,KNA,1056977777.77778,..,..,..,..,..
2017,YR2017,St. Lucia,LCA,1998503703.7037,..,..,..,..,..
2017,YR2017,St. Martin (French part),MAF,..,..,..,..,..,..
2017,YR2017,St. Vincent and the Grenadines,VCT,844040740.740741,..,..,..,..,..
2017,YR2017,Sudan,SDN,41283617976.1905,82.5146164933155,6.42960097705768,10.7686344431485,6.11214425821293,11.7192455714973
2017,YR2017,Suriname,SUR,3591679430.99988,..,..,..,..,..
2017,YR2017,Eswatini,SWZ,4463673661.23006,58.3290609974303,24.5321765504624,17.7061749360274,43.1463115311982,43.7137241831909
2017,YR2017,Sweden,SWE,536083940228.684,46.1390335871969,26.2619555666305,25.0752415442862,43.8942356892688,42.027014731043
2017,YR2017,Switzerland,CHE,695200834102.045,53.3711211063421,11.5093914812255,26.0443143039171,66.3484901920752,57.2733172296395
2017,YR2017,Syrian Arab Republic,SYR,16369843352.3453,96.9094908458041,16.4912083998601,..,19.3396755851813,41.7111765867818
2017,YR2017,Tajikistan,TJK,7536402852.85802,80.4394553832353,11.3864820445011,29.9295561525461,14.9285396132184,38.8575649925583
2017,YR2017,Tanzania,TZA,53274884532.7886,59.8860323121369,8.50343167431648,32.354141404315,15.6634915658043,17.4491004195082
2017,YR2017,Thailand,THA,456356813536.764,48.9308632429498,16.2984037874409,22.9342956887695,66.6728324663767,54.2185949672612
2017,YR2017,Timor-Leste,TLS,1584878400,62.9995903786688,55.1826878327069,35.6344562459808,2.40901131594702,56.2257394636712
2017,YR2017,Togo,TGO,6387422517.69225,77.041980101917,13.9788077327509,16.8362587290032,24.872603736957,32.7293806789075
2017,YR2017,Tonga,TON,459976847.108128,88.2988650353751,20.0801070506833,27.0580122098047,22.1761359825348,65.8673566030488
2017,YR2017,Trinidad and Tobago,TTO,23847765529.2959,..,..,20.6585336342458,..,..
2017,YR2017,Tunisia,TUN,42163530590.9462,71.9487508761267,19.1243144155316,21.2946579552305,41.7207863819275,54.0880194879989
2017,YR2017,Turkiye,TUR,858988492853.742,58.6088505385299,14.3802554180994,30.6942181017627,26.0394223439924,29.7227464055755
2017,YR2017,Turkmenistan,TKM,37926285714.2857,..,15.1866779165599,..,22.4683973422127,31.1069593647828
2017,YR2017,Turks and Caicos Islands,TCA,1022365000,..,..,..,..,..
2017,YR2017,Tuvalu,TUV,45276595.3533146,..,..,..,..,..
2017,YR2017,Uganda,UGA,30744473841.424,70.8913163726509,8.00943502980076,24.6140426859449,16.6611294211705,20.1759235122395
2017,YR2017,Ukraine,UKR,112090505081.739,67.1369540125593,20.6834635537649,19.9647326419625,48.1249163515559,55.9100665598426
2017,YR2017,United Arab Emirates,ARE,390516804029.952,40.8849550374469,13.0457765453002,21.2814632346798,97.8543060287568,73.0665008461837
2017,YR2017,United Kingdom,GBR,2680148052335.3,64.1984420513599,18.6593209449109,18.4831849687056,30.8903510330461,32.2312989980226
2017,YR2017,United States,USA,19612102000000,67.7674733692493,13.8471337748498,21.1557690246563,12.177481026766,14.9478571955214
2017,YR2017,Uruguay,URY,65005997963.4822,..,..,15.9240356668873,25.9311810606296,20.4468231429218
2017,YR2017,Uzbekistan,UZB,69703222282.7278,70.0837555225367,11.2974060135322,27.2291863632741,18.4793085297743,24.0801996597547
2017,YR2017,Vanuatu,VUT,880043284.399407,61.9315606985151,17.436529766986,27.8615616470117,47.6609019149093,57.8656717990873
2017,YR2017,"Venezuela, RB",VEN,..,..,..,..,..,..
2017,YR2017,Viet Nam,VNM,281353605986.903,57.9979332096671,10.1349272840895,32.305300920099,81.7625218355655,79.2175618233041
2017,YR2017,Virgin Islands (U.S.),VIR,3794000000,67.9493937796521,31.9451765946231,..,63.3368476541908,94.3595150237217
2017,YR2017,West Bank and Gaza,PSE,16128000000,88.6768353174603,20.7508680555556,27.5725446428571,15.7242063492063,52.7244543650794
2017,YR2017,"Yemen, Rep.",YEM,26842229044.5848,86.5948822351589,6.00374775134919,..,9.68824758564861,33.2816570871477
2017,YR2017,Zambia,ZMB,25873601260.8353,39.9464699169956,13.7207952422721,41.0018208583077,34.9928577635918,36.5928368906648
2017,YR2017,Zimbabwe,ZWE,51074726484.0037,79.3586235699593,11.6514896623328,14.7022431781545,24.6581758711002,30.3701419599608
2017,YR2017,World,WLD,81974795709110.2,56.6500594171423,16.5325981060526,25.9946432977616,28.0464113136783,27.3091437240607
2018,YR2018,Afghanistan,AFG,18053222687.4126,..,..,..,..,..
2018,YR2018,Albania,ALB,15379508329.7568,74.4741478843493,11.8666140811981,27.1252994132038,31.1140135421951,44.5800648295474
2018,YR2018,Algeria,DZA,194554483655.528,41.7293849433374,17.4037117605062,46.4568594962626,23.423105738908,29.0130619390143
2018,YR2018,American Samoa,ASM,639000000,76.2128325508607,..,..,68.2316118935837,103.599374021909
2018,YR2018,Andorra,AND,3218419896.9641,..,..,..,..,..
2018,YR2018,Angola,AGO,79450688259.3664,56.3614656336091,10.4745435629873,17.8694205677582,40.8362898299819,25.541723496358
2018,YR2018,Antigua and Barbuda,ATG,1661529629.62963,..,..,..,62.470548111624,68.1846045477951
2018,YR2018,Argentina,ARG,524819892360.176,69.4701822877233,15.8050971558947,16.6138850156371,14.4366857499034,16.3258502050892
2018,YR2018,Armenia,ARM,12457940694.7395,79.8008893150567,11.4866903221706,22.3997393267701,39.3928940286073,53.0802129926047
2018,YR2018,Aruba,ABW,3276184357.5419,55.235259712467,23.0710204165153,22.4017243113924,72.2527739552586,72.9607783956333
2018,YR2018,Australia,AUS,1427809041019.44,55.284805745788,20.0168291219813,24.6464120040498,21.8940905352475,21.8419745445958
2018,YR2018,Austria,AUT,452582294972.775,52.2101130103127,19.4423168006638,25.8982762235252,55.7022394735073,52.6757304983207
2018,YR2018,Azerbaijan,AZE,47112470051.7701,54.1406132947111,10.4664635668981,20.1294761024821,54.0922938620586,37.5802826749238
2018,YR2018,"Bahamas, The",BHS,12819200000,66.0704256115826,11.2721542685971,25.6388854218672,35.251809785322,36.9024588117823
2018,YR2018,Bahrain,BHR,39567978723.4043,41.5249474222528,15.5591909844562,35.5603270592169,75.7153726820796,68.3599998924555
2018,YR2018,Bangladesh,BGD,321362752441.78,67.5896517648341,5.95916693091491,31.8225747704431,12.6747879443391,19.8398437797492
2018,YR2018,Barbados,BRB,5629916200,..,..,..,..,..
2018,YR2018,Belarus,BLR,60031026576.26,53.5532706505984,15.7394924938501,28.0788785453202,70.4550452625374,68.9386909876332
2018,YR2018,Belgium,BEL,542638913427.921,51.8410774686295,23.1696191313969,25.5515767637203,83.4830567161373,84.7946361610806
2018,YR2018,Belize,BLZ,2293250000,61.8118390929903,19.4047748828082,16.5267633271558,51.5643737054399,49.1006213888586
2018,YR2018,Benin,BEN,14262408089.9261,70.449714833238,10.4105053943384,26.3865130249513,27.2742306189085,34.5209638714363
2018,YR2018,Bermuda,BMU,7225977000,48.7763108019857,11.7283240729939,13.4097576009445,51.4791563825902,26.0761139981486
2018,YR2018,Bhutan,BTN,2583335721.85904,48.8498390872259,18.4949254691549,54.0155173304793,29.1897191930732,50.550001136535
2018,YR2018,Bolivia,BOL,40287647930.5355,67.010377247802,17.525644686723,20.5963525597123,25.9887950588635,31.1211695531008
2018,YR2018,Bosnia and Herzegovina,BIH,20484053868.9246,73.3558090812589,19.6573572916203,24.41012062718,41.9845635628313,56.4475276333556
2018,YR2018,Botswana,BWA,17031943186.1353,43.4671825212437,29.0985189512999,25.902879643882,44.2281439237392,43.2269600709101
2018,YR2018,Brazil,BRA,1916933898010.99,64.6160749700015,19.8950877833541,15.0950416291605,14.6349994955075,14.2412038808791
2018,YR2018,British Virgin Islands,VGB,..,..,..,..,..,..
2018,YR2018,Brunei Darussalam,BRN,13566908401.1864,19.5325365297043,24.141728637127,41.0665958991301,51.9332397479681,41.9648219488274
2018,YR2018,Bulgaria,BGR,66251582035.9412,59.7770580137188,16.4413955723422,21.1168434390686,65.7651341270555,63.100431152185
2018,YR2018,Burkina Faso,BFA,15890066221.2882,64.2792990456353,18.419409475168,21.7391048190018,28.0789061419219,32.5167194817269
2018,YR2018,Burundi,BDI,2667182199.51333,77.9146862536326,26.2102674584933,11.1034585930148,5.6856543143069,20.9140481504705
2018,YR2018,Cabo Verde,CPV,2205099506.99994,68.520254583805,18.1291233549744,27.486159184509,45.865993464408,60.0015305876965
2018,YR2018,Cambodia,KHM,33145892168.8958,70.775057808048,4.94820757909564,30.7394192448512,55.4713973566208,62.9662580564288
2018,YR2018,Cameroon,CMR,39955552189.795,71.6570474634682,11.920018840418,19.5380296351056,18.7362534690181,21.8513494080099
2018,YR2018,Canada,CAN,1725329192783.02,57.8869351139165,20.6814326967462,23.3773111619236,32.3254037264858,34.2744821243903
2018,YR2018,Cayman Islands,CYM,5530178440.71376,..,2.11133272268875,..,71.587849798792,45.5292735739521
2018,YR2018,Central African Republic,CAF,2220979146.11241,93.7001299979329,7.70001000295874,26,15.9400300007701,33.7201700016618
2018,YR2018,Chad,TCD,15327000248.8701,64.9674134486537,8.15520088031379,21.9262549263931,25.8447812653289,20.8936505206894
2018,YR2018,Channel Islands,CHI,10026153281.7503,..,..,..,..,..
2018,YR2018,Chile,CHL,295857562991.709,62.0594089721384,14.856473757383,24.203078424347,28.5290447397579,29.6480058936791
2018,YR2018,China,CHN,14147765772963.8,38.9434900328533,16.8365384091475,43.313827489682,18.7705198029033,18.1238645885115
2018,YR2018,Colombia,COL,334198218098.276,68.1183570208678,15.4214808598175,21.1954755611258,15.8997196775431,20.6350331193542
2018,YR2018,Comoros,COM,1188797449.96029,92.0803255020344,10.2296889355558,14.8680929255808,12.909022989086,30.087130352257
2018,YR2018,"Congo, Dem. Rep.",COD,47568210009.8172,77.8941191098066,6.3175938945538,20.600959616347,32.5535282647371,37.3662008854446
2018,YR2018,"Congo, Rep.",COG,14773900288.5135,33.1309086256429,13.5041075595188,29.5270088622039,62.2105922950548,38.372624484659
2018,YR2018,Costa Rica,CRI,62420164991.5444,64.9027260054914,16.1957338927845,18.3698605659613,33.7385107761818,33.206831240419
2018,YR2018,Cote d'Ivoire,CIV,58522477786.6889,68.3489743449099,10.047344032596,22.2527904990641,22.6941999168587,23.3433087934287
2018,YR2018,Croatia,HRV,61668130122.5878,56.6987794989062,21.6739878475104,22.4766293691756,49.1092106291889,49.9586073447811
2018,YR2018,Cuba,CUB,100050036096.123,55.95900030082,30.0449666715961,12.0335788669111,14.5227333911607,12.5608150585035
2018,YR2018,Curacao,CUW,3046364804.46927,73.2295090054214,14.4782874285736,41.0673551203898,63.2460008659465,92.0228579057409
2018,YR2018,Cyprus,CYP,25754001367.5448,64.9469251656965,14.7079165690907,18.9464656052082,74.511134620546,73.1124327895079
2018,YR2018,Czechia,CZE,251992360762.236,46.8957533484313,19.1749183174686,25.6426079021172,75.6097814865591,69.5319364042301
2018,YR2018,Denmark,DNK,355293374912.393,47.1854206960277,24.3811073900807,22.5323146804877,56.9833683807386,51.8306171211701
2018,YR2018,Djibouti,DJI,2913464658.08768,63.021887805974,21.350138897968,2.78690075604472,156.619986522272,143.778914001572
2018,YR2018,Dominica,DMA,628244444.444444,..,..,..,..,..
2018,YR2018,Dominican Republic,DOM,84994732049.3461,69.0012775141698,10.1454233339167,25.2022908220767,23.993089643769,28.3420813139322
2018,YR2018,Ecuador,ECU,107478961000,62.8244080253065,15.5567599876593,22.5404393330524,23.5438701347327,24.4654774807509
2018,YR2018,"Egypt, Arab Rep.",EGY,262588632526.73,81.3745660280314,7.94222279370794,20.6249196348206,17.984655608418,27.9263640649779
2018,YR2018,El Salvador,SLV,26020850000,83.2837128687187,16.1096582163919,18.3715366715538,28.9343737810256,46.69924310697
2018,YR2018,Equatorial Guinea,GNQ,13097012133.6159,48.3872781365636,23.5278374099566,12.5014966275534,59.6145347244398,44.0311468985135
2018,YR2018,Eritrea,ERI,..,..,..,..,..,..
2018,YR2018,Estonia,EST,31222632740.7247,49.1546447918775,18.7628505913655,27.8503992212561,72.9004951572088,70.5847297075262
2018,YR2018,Ethiopia,ETH,84269180856.9147,65.6642254693999,10.2500179989793,34.1629551124182,8.37267815589761,22.8266908218905
2018,YR2018,Faroe Islands,FRO,3188600927.46688,43.1223553251088,28.4050499632477,29.7112462006079,52.8180066352782,54.0561614716809
2018,YR2018,Fiji,FJI,5581425327.44397,66.2974682512137,20.3918841432764,21.0488571034329,47.7487957741689,55.486624174387
2018,YR2018,Finland,FIN,273869255596.078,53.4425734675837,23.0551303335418,25.7234643496259,39.1492205860158,39.9943942562687
2018,YR2018,France,FRA,2781576320884.39,54.0634759112269,23.3500758354509,22.6115738942638,32.9179818922164,33.8842788890102
2018,YR2018,French Polynesia,PYF,6135116253.33452,64.8715831040078,30.7248836166431,27.4598586301122,20.9791687502218,44.0354941009849
2018,YR2018,Gabon,GAB,16867326401.9626,38.6144085783521,10.5658037085265,19.2582324284114,54.2990764910062,22.7375212062962
2018,YR2018,"Gambia, The",GMB,1670671327.81651,88.4987433632318,6.82478004672062,20.8784242569263,22.2881797710858,42.5242842292877
2018,YR2018,Georgia,GEO,17902544880.6471,69.2424604398995,13.288692643364,27.9262958963283,49.6955410587561,60.1521994975096
2018,YR2018,Germany,DEU,4052008447223.53,51.1024064958192,19.5022339579089,21.4705359458837,42.6073917339186,36.6202679583694
2018,YR2018,Ghana,GHA,67259353965.6087,72.2346111688579,7.10478039787287,21.7093349999065,33.4548954489265,34.5036220155637
2018,YR2018,Gibraltar,GIB,..,..,..,..,..,..
2018,YR2018,Greece,GRC,213298873494.394,68.8330418045266,19.6597104516787,12.9530537485632,38.630976154138,40.6071874522328
2018,YR2018,Greenland,GRL,3055782146.15957,35.983955307031,43.1423966501003,21.7411808603811,44.4545789045455,45.3221117220578
2018,YR2018,Grenada,GRD,1166514814.81481,..,..,..,..,..
2018,YR2018,Guam,GUM,6051000000,59.560403239134,..,..,19.2530160304082,53.7101305569327
2018,YR2018,Guatemala,GTM,73328365862.4329,85.7623468879429,11.120258551506,13.7904235788189,18.1693265265636,28.8423555448314
2018,YR2018,Guinea,GIN,11857030366.7891,73.5407008860869,15.4819047734539,19.5473148183264,40.2070955328741,48.7770160108349
2018,YR2018,Guinea-Bissau,GNB,1554133593.91699,68.8701272650185,16.6439614567477,18.5517656544313,25.4768673297515,29.542721705949
2018,YR2018,Guyana,GUY,4787636997.85343,..,..,..,..,..
2018,YR2018,Haiti,HTI,16403864617.8458,98.9921734087558,8.26343071867152,16.0510920039064,10.7808225917355,34.3577537109868
2018,YR2018,Honduras,HND,24067750760.499,80.6072087065035,13.4622514861767,26.572086282814,41.4548165613247,62.0963456541272
2018,YR2018,"Hong Kong SAR, China",HKG,361731070995.726,68.2939689196943,9.92512949539558,21.9946611253535,188.339507002291,188.553266542735
2018,YR2018,Hungary,HUN,161184691013.835,49.0589770157421,19.616933321186,27.0910945827596,83.3967795001256,79.3040792777992
2018,YR2018,Iceland,ISL,26260850582.0687,50.2867617441519,24.1472081886941,22.1094122903994,46.0467623881339,42.5901445762183
2018,YR2018,India,IND,2702929641648.74,59.2883228123904,10.8232185258548,32.3432182154485,19.9278285988562,23.6891407335327
2018,YR2018,Indonesia,IDN,1042271532988.63,56.9798956322201,9.02123180420785,34.5705858319707,21.0027464972455,22.0715624579547
2018,YR2018,"Iran, Islamic Rep.",IRN,398880231367.268,48.0231938413085,15.7471688919778,33.2091237993156,31.1163801000709,27.4487096151447
2018,YR2018,Iraq,IRQ,227367469034.031,43.5380775467623,15.8794898494183,17.5854705162866,40.8026420265318,24.9991497435766
2018,YR2018,Ireland,IRL,395461216460.418,30.0033572558655,11.7534973694787,28.197121467923,122.965602851189,93.4580448835333
2018,YR2018,Isle of Man,IMN,7491649455.92717,..,..,..,..,..
2018,YR2018,Israel,ISR,376299083108.497,52.6043390914285,22.3715311976857,24.1309941879779,29.6925022331652,29.0512520055796
2018,YR2018,Italy,ITA,2099435266458.67,59.9730197434457,18.8133907214108,18.6608716078644,30.8135072735991,28.4614762392164
2018,YR2018,Jamaica,JAM,15730792876.2656,76.1007393756372,13.4379511959792,23.3115188992384,38.5638482851901,51.414057756045
2018,YR2018,Japan,JPN,5040880939324.86,54.7746699289169,19.5636743323798,25.6417143090178,18.3149455985223,18.2949862035848
2018,YR2018,Jordan,JOR,43370860704.2254,76.6042986523784,16.7438960469568,24.3624336974922,34.7991158378548,52.8367993528309
2018,YR2018,Kazakhstan,KAZ,179339977690.485,52.0980613500686,8.32120070703086,25.258212709599,37.6252184252873,25.9027380865315
2018,YR2018,Kenya,KEN,92202979985.2863,77.1029078594526,12.3486893953272,19.3759862497025,12.541975333359,21.8727778433835
2018,YR2018,Kiribati,KIR,233514717.441266,85.5027326198435,60.1416015734361,18.9694466832769,8.19035018888372,72.9271886812646
2018,YR2018,"Korea, Dem. People's Rep.",PRK,..,..,..,..,..,..
2018,YR2018,"Korea, Rep.",KOR,1725373496825.43,48.0233723385077,16.0517273115489,31.487184177201,41.7132908430894,37.2755746703469
2018,YR2018,Kosovo,XKX,7878759714.82322,79.8110355944319,12.1025924972731,36.2945421291487,29.0534647196644,57.2616199514324
2018,YR2018,Kuwait,KWT,138646316321.596,39.635186865493,22.9805567561363,25.5469562900949,57.3114627654536,45.4741679111424
2018,YR2018,Kyrgyz Republic,KGZ,8271106235.41552,82.4857706271462,17.1697001118399,36.0166291525462,31.6017300051143,67.2738298966465
2018,YR2018,Lao PDR,LAO,18141641089.7963,..,..,..,..,..
2018,YR2018,Latvia,LVA,33247935477.3576,61.7170518007336,18.5352676047473,23.8742877736126,63.8698186932234,64.3642768665985
2018,YR2018,Lebanon,LBN,54901519155.5556,88.9243085838561,15.3368530010403,22.4871034019622,20.7545211587566,47.5027861456152
2018,YR2018,Lesotho,LSO,2556247291.99785,85.258457064628,38.062996044466,21.4472792170962,49.8331114219045,94.6018440436975
2018,YR2018,Liberia,LBR,3422754800,..,..,..,..,..
2018,YR2018,Libya,LBY,76686029772.1483,34.0824216925136,35.3379400213425,15.1337630488594,39.6135044170514,24.1676291797669
2018,YR2018,Liechtenstein,LIE,6692620691.84146,..,..,..,..,..
2018,YR2018,Lithuania,LTU,54261795148.5372,60.8777623023542,16.2178168712684,22.4066386338902,74.5295191317116,72.6726133935094
2018,YR2018,Luxembourg,LUX,71085623495.1145,33.5326039184752,16.7835114977709,16.9949135422123,197.218199953374,164.647245245294
2018,YR2018,"Macao SAR, China",MAC,55190661339.7796,23.8400815214342,9.43781184978688,17.2476640024061,82.6699616409331,33.1955190145603
2018,YR2018,North Macedonia,MKD,12683068114.2388,65.852547671431,14.2837255892918,32.3288110664903,60.3751373173263,72.8400703306813
2018,YR2018,Madagascar,MDG,13760033282.2925,72.0200456614625,13.6033052508512,20.7029752410218,31.5360236539412,36.305481014417
2018,YR2018,Malawi,MWI,9879231591.52434,..,..,..,..,..
2018,YR2018,Malaysia,MYS,358788845712.53,57.4258164063263,11.9694462955517,23.8974199608763,68.554971419686,61.8476540824403
2018,YR2018,Maldives,MDV,5404344162.69888,46.1436148311673,14.480734648674,48.970177770723,66.4483006480268,76.0428278985911
2018,YR2018,Mali,MLI,20368015381.2413,72.2435775388033,12.7637527443261,24.4943978534371,20.5990590578805,30.1007871944471
2018,YR2018,Malta,MLT,16153779511.1559,45.7189124654283,16.0279744294106,19.653411285638,123.349303715058,104.74924702694
2018,YR2018,Marshall Islands,MHL,220000000,75.1836363636364,59.9404545454545,22.6444090909091,39.7257727272727,88.7565
2018,YR2018,Mauritania,MRT,7473550557.07378,56.5401128723031,12.9844027999052,46.449713018719,36.5862504012937,52.5604790922211
2018,YR2018,Mauritius,MUS,14735695930.9727,72.4593888174512,14.5624311314736,18.8728259543603,44.6430035576656,51.9909128541917
2018,YR2018,Mexico,MEX,1256300182775.8,67.3910109593482,11.2562967734042,23.4774930652721,39.043930445163,41.1687312183701
2018,YR2018,"Micronesia, Fed. Sts.",FSM,392000000,..,..,..,36.3735714285714,67.0332142857143
2018,YR2018,Moldova,MDA,11252353420.8798,85.1810745994007,14.2811623246706,26.5918106703471,30.6963699430194,56.7504174845453
2018,YR2018,Monaco,MCO,7184333936.01355,..,..,..,..,..
2018,YR2018,Mongolia,MNG,13178094720.4986,57.9553963616272,12.6929848143572,39.3779275132102,58.1647822769264,68.1910909645864
2018,YR2018,Montenegro,MNE,5506942238.35668,73.4399855890786,18.5044594510554,31.914851183647,42.8750002680603,66.7342964918413
2018,YR2018,Morocco,MAR,127341147581.818,59.4626839697901,17.9957615100603,32.1395672992051,33.8284373726717,43.4264501517272
2018,YR2018,Mozambique,MOZ,15017358952.8452,65.8374777856973,21.7271408941656,45.9807658182121,45.5310358403147,79.0764216850568
2018,YR2018,Myanmar,MMR,67860515989.517,..,..,..,..,..
2018,YR2018,Namibia,NAM,13682019076.4022,69.6645691524779,25.3675240119024,14.9163471003735,35.8825645595703,45.8313007368101
2018,YR2018,Nauru,NRU,130937589.753517,..,..,..,54.7357932374749,85.9665030248932
2018,YR2018,Nepal,NPL,33111525237.149,77.146851612659,8.06153627743491,39.5478003355175,7.81564102178754,40.6317459243192
2018,YR2018,Netherlands,NLD,929733599796.862,43.3852043700216,23.9575090216481,20.4804432515785,87.0564594492635,76.5026871237804
2018,YR2018,New Caledonia,NCL,9896402283.68587,..,..,..,..,..
2018,YR2018,New Zealand,NZL,211985631173.205,57.8267085327084,18.2215201028808,23.9860432020994,27.8656152284463,27.9008662614974
2018,YR2018,Nicaragua,NIC,13025221974.232,70.5532202294333,14.8026116933585,24.0746137195471,42.2771474372665,51.7075930552738
2018,YR2018,Niger,NER,12837307496.8821,70.1144928107995,15.1748924943314,28.9187722247215,11.2957371550569,26.2431112441787
2018,YR2018,Nigeria,NGA,421739251509.08,..,..,..,..,..
2018,YR2018,Northern Mariana Islands,MNP,1301000000,52.1137586471945,..,..,50.7302075326672,58.032282859339
2018,YR2018,Norway,NOR,439788625883.8,42.721302830832,23.112939424551,27.7268430380858,38.2210272883516,31.7821685011468
2018,YR2018,Oman,OMN,91505851755.5267,34.8033196907685,21.5586630286494,31.675193269668,50.6224420190996,38.6567758071851
2018,YR2018,Pakistan,PAK,356128166704.921,82.4005402771356,10.9936267499563,17.0682908414203,8.58179960556073,19.044257474073
2018,YR2018,Palau,PLW,288546300,72.8580473913545,32.7756412055882,28.5765923874262,41.9704913908097,74.9170237150849
2018,YR2018,Panama,PAN,67316471200,49.2579569441245,10.9797047709774,41.1990909588856,42.3471044929045,43.78385701834
2018,YR2018,Papua New Guinea,PNG,24109780708.0268,..,..,..,..,..
2018,YR2018,Paraguay,PRY,40225448340.6322,64.0604574609142,11.5202342968007,22.7820847953337,36.8532235364332,35.2160000894818
2018,YR2018,Peru,PER,222597009739.235,63.8584831899922,13.0774424949562,21.3111751422932,25.1921846722472,23.4392854994888
2018,YR2018,Philippines,PHL,346841896587.313,72.5428218589264,12.0427836518839,27.1505820415621,30.2136053733275,41.9497929256998
2018,YR2018,Poland,POL,594616632477.019,59.0637771601337,17.4696531502565,21.443880969665,52.232575443975,50.2098867240303
2018,YR2018,Portugal,PRT,242092894542.888,64.3281869685469,16.992571222013,18.5247214985093,43.677580570852,43.0581149209879
2018,YR2018,Puerto Rico (US),PRI,100958100000,64.5387541960477,7.97618021733769,15.3313107120677,59.9538818579193,46.0472215701365
2018,YR2018,Qatar,QAT,183334953818.681,23.0146335264483,16.2809888444084,40.6591002641156,55.9418631716143,35.8965858065867
2018,YR2018,Romania,ROU,243468683030.34,63.8324728031367,16.7812193543903,22.8848270580746,41.496339902776,44.9948591183776
2018,YR2018,Russian Federation,RUS,1657328773461.31,50.3659192946004,17.7103783204011,21.9180891512463,30.7932568020743,20.7876435683221
2018,YR2018,Rwanda,RWA,9637904518.99702,76.4982508923284,14.7476601788797,22.3221933243073,21.10801098862,34.6761153853403
2018,YR2018,Samoa,WSM,878448433.404342,67.5577460023124,13.4088662792374,33.1401642944483,31.9656782036393,46.9692902258758
2018,YR2018,San Marino,SMR,1655353653.05934,36.2724991666807,19.4112752308576,20.6091867014135,166.597497668983,142.890458767935
2018,YR2018,Sao Tome and Principe,STP,383717327.830508,..,..,..,..,..
2018,YR2018,Saudi Arabia,SAU,886564800000,42.5188397584324,23.1693987098668,22.3727056762612,35.5209831625769,23.5819273071372
2018,YR2018,Senegal,SEN,23116701556.1381,69.4590847883465,13.7846307930863,32.6479409412239,22.9490914783308,38.8407480009875
2018,YR2018,Serbia,SRB,52787520248.9242,67.7283925711108,17.9956413715916,22.4992604945944,48.6702102411693,56.8935027873898
2018,YR2018,Seychelles,SYC,1784313926.76807,66.7421993307673,22.8895408301537,21.9869866164983,87.0444044109968,98.6631327999028
2018,YR2018,Sierra Leone,SLE,6390514688.52816,91.5603951519857,6.51314216721509,15.6172570458345,11.2388259485764,26.1386343633649
2018,YR2018,Singapore,SGP,377123710560.614,34.5726775737138,9.96197415154469,24.7748536752848,178.198251436118,148.398335850632
2018,YR2018,Sint Maarten (Dutch part),SXM,1259200446.92737,..,..,..,..,..
2018,YR2018,Slovak Republic,SVK,106611673364.837,55.881875873981,18.5660492970595,24.2014212638106,94.9268326476368,93.8061320518596
2018,YR2018,Slovenia,SVN,53689067639.9176,52.47501371187,18.4130304503047,21.5608446841882,85.5686370516669,77.0448569241837
2018,YR2018,Solomon Islands,SLB,1615478393.28614,59.2927586770555,26.832514730951,19.1381712604401,42.1262386063781,46.3684411267913
2018,YR2018,Somalia,SOM,7873440830.00128,123.001593446894,6.28431445262075,16.1102546826237,14.2123377080084,59.6085002901995
2018,YR2018,South Africa,ZAF,405260723892.517,63.9686622119852,19.352226142463,16.1705829786619,27.4970371508423,26.9885079767917
2018,YR2018,South Sudan,SSD,..,..,..,..,..,..
2018,YR2018,Spain,ESP,1431642809327.06,57.6992368074597,18.5844642639135,20.7061758213476,34.874813986254,32.1345964120382
2018,YR2018,Sri Lanka,LKA,94450015982.8405,60.2509678528248,8.60915689754483,38.0567747750533,21.4462486146411,28.363148137495
2018,YR2018,St. Kitts and Nevis,KNA,1076548148.14815,..,..,..,..,..
2018,YR2018,St. Lucia,LCA,2060955555.55556,..,..,..,..,..
2018,YR2018,St. Martin (French part),MAF,..,..,..,..,..,..
2018,YR2018,St. Vincent and the Grenadines,VCT,884329629.62963,..,..,..,..,..
2018,YR2018,Sudan,SDN,32333780383.2924,90.0148745525661,6.71404330537475,9.9893502376745,7.65020198466392,14.2177167427683
2018,YR2018,Suriname,SUR,3996198866.57453,..,..,..,..,..
2018,YR2018,Eswatini,SWZ,4644696656.36967,60.1715992163567,23.7012140197522,19.8749610874635,40.863798582106,44.61157306829
2018,YR2018,Sweden,SWE,551312498430.164,46.0406853168858,26.255213056628,25.3084848300209,45.8909449211588,44.2387507945047
2018,YR2018,Switzerland,CHE,725568717468.001,52.4727581356246,11.2649207517523,25.7344532320312,67.4781861031999,56.950318222608
2018,YR2018,Syrian Arab Republic,SYR,21497782867.6426,95.8314549967962,15.9632633383117,..,14.9170277126093,35.7420714018735
2018,YR2018,Tajikistan,TJK,7764999999.45362,76.4148766099252,11.2210663784563,37.2634366837792,14.3754784742862,41.470632937044
2018,YR2018,Tanzania,TZA,57003712892.0858,59.8781752253128,8.11258642479634,38.3765744836496,14.7391433931711,17.9034665112026
2018,YR2018,Thailand,THA,506754208404.485,48.8885134819444,16.1739664282364,25.2195901594439,64.838096899332,56.0037678316517
2018,YR2018,Timor-Leste,TLS,1555988614.43594,66.3531783215696,56.6796949423507,35.9232512895108,2.93153173338197,61.8876507877973
2018,YR2018,Togo,TGO,7029300383.08031,76.5682307140662,13.2025407232865,19.1358467370146,24.2239524638869,33.1318512447495
2018,YR2018,Tonga,TON,489714529.780507,93.0181837407369,19.1835658368362,23.9263170955534,21.3767137575036,66.073598200326
2018,YR2018,Trinidad and Tobago,TTO,23888910151.9167,..,..,22.8343524061821,..,..
2018,YR2018,Tunisia,TUN,42686504459.801,71.5490040757442,18.388200255785,22.964008655978,45.4854826504286,58.3862531032743
2018,YR2018,Turkiye,TUR,778972108040.602,56.1816977239605,14.508891929547,29.4582364195468,31.2326962348151,31.3815223078694
2018,YR2018,Turkmenistan,TKM,40765428571.4286,..,11.9695960863196,..,29.8999852816462,21.0002873583358
2018,YR2018,Turks and Caicos Islands,TCA,1314329000,..,..,..,..,..
2018,YR2018,Tuvalu,TUV,48015259.8751356,..,..,..,..,..
2018,YR2018,Uganda,UGA,32927025619.6795,72.3025794423873,8.63607272997988,24.3285989781833,15.0870530611511,21.5513525388056
2018,YR2018,Ukraine,UKR,130891088293.55,69.3692557541467,20.7717491381349,18.5883388544006,45.2352356625927,53.9645794092748
2018,YR2018,United Arab Emirates,ARE,427049432157.931,37.8682130141626,12.5099814482741,21.8306207812899,93.7169810154613,65.925796265564
2018,YR2018,United Kingdom,GBR,2871340347581.79,64.6596856206186,18.5412934232339,18.1814464871133,31.5801113597336,32.9625368906995
2018,YR2018,United States,USA,20656516000000,67.4578520404893,13.8442126445718,21.5690729259474,12.2871107596266,15.1582483706352
2018,YR2018,Uruguay,URY,65344577415.7535,..,..,14.8534986544499,26.4215439434306,21.3697665372169
2018,YR2018,Uzbekistan,UZB,58695899092.1083,67.239601128896,12.101171076451,34.9925116035955,24.1769774001867,39.9611620983855
2018,YR2018,Vanuatu,VUT,914727908.137793,58.9554534538707,16.9185579184488,26.800369153824,56.6105327921724,54.0691270305941
2018,YR2018,"Venezuela, RB",VEN,..,..,..,..,..,..
2018,YR2018,Viet Nam,VNM,310106478394.659,57.0768901085832,9.74588913320742,32.019502902433,84.4234560833365,80.2404806925565
2018,YR2018,Virgin Islands (U.S.),VIR,3923000000,67.7287789956666,43.2322202396125,..,53.1226102472598,106.11776701504
2018,YR2018,West Bank and Gaza,PSE,16276600000,88.8889571532138,21.9910792180185,28.3265546858681,15.961564454493,55.439710996154
2018,YR2018,"Yemen, Rep.",YEM,21606160663.0131,86.5948822352153,8.99114080710684,..,8.75610238246296,47.3217203384886
2018,YR2018,Zambia,ZMB,26311507273.6735,44.8978891375841,12.7086519245005,38.5885582958265,37.9574045480394,36.9309649794271
2018,YR2018,Zimbabwe,ZWE,34156057417.3285,77.6996080345734,10.3741618687993,14.1484443423452,26.1640511708711,28.3862654165889
2018,YR2018,World,WLD,87188987385051.5,56.1459143368763,16.5497038991362,26.5312036951724,28.9034049628482,28.2401183928614
2019,YR2019,Afghanistan,AFG,18799444490.1128,..,..,..,..,..
2019,YR2019,Albania,ALB,15585111614.0376,75.5463145951622,12.6759912713341,25.2875256073276,30.9361224858484,44.4460064468406
2019,YR2019,Algeria,DZA,193459662090.677,42.8003708429314,18.2610260787535,44.6295617875004,20.407941949491,26.0989006586763
2019,YR2019,American Samoa,ASM,647000000,78.6707882534776,..,..,61.6692426584235,94.8995363214838
2019,YR2019,Andorra,AND,3155149347.80639,..,..,..,..,..
2019,YR2019,Angola,AGO,70897962732.0277,49.9369131903805,8.59885628389892,17.7122552404386,40.7907550532833,17.0387830650203
2019,YR2019,Antigua and Barbuda,ATG,1726448148.14815,..,..,..,69.1646948026456,68.3730888293456
2019,YR2019,Argentina,ARG,447754683615.225,66.1275863051046,16.4432415862976,14.2100303992191,17.9248783778462,14.7057366680037
2019,YR2019,Armenia,ARM,13619290539.2116,83.4394618953327,12.5645600985114,17.4085294108567,41.3508013620849,54.7633527667858
2019,YR2019,Aruba,ABW,3395798882.68156,53.9373330174649,22.4985522696464,22.4385043629328,73.2345915426225,72.1089811926666
2019,YR2019,Australia,AUS,1392723834562.64,54.1055677061642,20.3713413159323,23.391288227558,24.1596779983146,22.0278238953145
2019,YR2019,Austria,AUT,442983642371.842,51.7439163348153,19.5313211345866,25.5090080970816,55.8958073929339,52.3114775114917
2019,YR2019,Azerbaijan,AZE,48174235294.1176,57.5066975024482,11.1234709302752,20.3077798481492,49.0506275016423,36.7675179068137
2019,YR2019,"Bahamas, The",BHS,13277000000,60.3758379151917,12.6549672365745,25.3844995104316,34.9807938540333,33.8058296301875
2019,YR2019,Bahrain,BHR,40446808510.6383,38.6105917937925,14.9942124539716,35.6238573504316,73.0944239873751,62.3231194108364
2019,YR2019,Bangladesh,BGD,351231654603.692,66.8774290144586,6.2381894055709,32.2137331126266,13.0947573353039,18.4832971559365
2019,YR2019,Barbados,BRB,5788288000,..,..,..,..,..
2019,YR2019,Belarus,BLR,64410170653.4569,53.9636805185995,16.8429795126774,29.1499946931726,65.0945839929757,65.7558221092078
2019,YR2019,Belgium,BEL,536726344405.489,51.2398400733849,23.0038112825895,24.6756822316808,82.9674275396401,82.4980513923498
2019,YR2019,Belize,BLZ,2388300000,61.8012812460746,18.7581124649332,16.8529916677134,51.8569693924549,50.2658794958757
2019,YR2019,Benin,BEN,14391686313.4641,68.4484141092153,10.3420632400446,25.6298005790604,29.6305271935478,34.0508051206822
2019,YR2019,Bermuda,BMU,7423465000,48.1756565161956,12.2567291689258,14.7485170334877,51.7434243981752,25.816677252469
2019,YR2019,Bhutan,BTN,2735683570.46155,48.0054048110733,19.1177473889876,46.0853579286619,31.4575032617598,44.6660134423907
2019,YR2019,Bolivia,BOL,40895322850.9407,68.4446792339957,18.143092001616,19.8750108890925,24.9672622840166,31.4300444441081
2019,YR2019,Bosnia and Herzegovina,BIH,20482608755.379,72.3379168055871,19.3589700275359,24.8437950565657,40.0400711149533,54.4760567724708
2019,YR2019,Botswana,BWA,16725908148.5481,44.2529364107783,31.6419395023481,30.8204405592326,37.0878176552067,46.0051637049108
2019,YR2019,Brazil,BRA,1873288205059.69,65.1440473991559,19.9835812871624,15.5167908009424,14.1229191913178,14.7673386785785
2019,YR2019,British Virgin Islands,VGB,..,..,..,..,..,..
2019,YR2019,Brunei Darussalam,BRN,13469235348.2211,20.4730443920831,25.0403962501371,38.6777535464503,57.9460406090157,50.5636178817246
2019,YR2019,Bulgaria,BGR,68634004792.1,59.196556910277,16.7729754809183,20.6958565853763,64.1822870820611,60.8476760586327
2019,YR2019,Burkina Faso,BFA,16032813503.3707,61.6354911396221,20.4999424066528,19.7578680144889,29.2576956572794,31.1509972180432
2019,YR2019,Burundi,BDI,2576518879.82353,77.3086500008373,27.2447699991553,14.1287000005288,5.17203999926172,23.8541700005272
2019,YR2019,Cabo Verde,CPV,2252177124.32402,66.9461491277844,19.8144671965614,23.4319738651901,46.7050331370949,56.8976233266308
2019,YR2019,Cambodia,KHM,36685356407.7206,66.7251065524463,4.8093386379996,31.3945541935104,55.4468679729119,60.289811099536
2019,YR2019,Cameroon,CMR,39667757527.6578,72.6473350025482,12.0963512548066,18.9346454960496,19.8500907473186,23.528422500723
2019,YR2019,Canada,CAN,1743725183672.52,57.7545543389136,20.6634960880685,23.0424241743147,32.3526958202565,33.8187894602395
2019,YR2019,Cayman Islands,CYM,5941896607.58643,..,2.35481309963543,..,69.4710255697764,45.3675141253948
2019,YR2019,Central African Republic,CAF,2221301351.43918,96.0888199992021,8.0446400022651,26,15.7553800018083,34.3104199996784
2019,YR2019,Chad,TCD,14905517742.8454,63.9611661424475,8.48865154975086,24.2909930911624,24.968456965958,21.7092677493188
2019,YR2019,Channel Islands,CHI,10032440898.6469,..,..,..,..,..
2019,YR2019,Chile,CHL,278285058719.466,61.6694534371738,15.2539557255243,24.9390098912825,27.8746677570512,29.7370868110317
2019,YR2019,China,CHN,14560167101283.4,39.3519993191979,17.1510123948127,42.6695374085222,18.055706959796,17.1437133141061
2019,YR2019,Colombia,COL,323031701192.84,68.6686137115732,15.7732334152149,21.3806095458027,15.8680386541241,21.6904953267149
2019,YR2019,Comoros,COM,1195019531.03664,93.8914669048131,10.0948841035328,12.7348062616273,12.7734606325226,29.4946179024958
2019,YR2019,"Congo, Dem. Rep.",COD,51775829877.2088,75.9761408393404,6.92914731918781,20.5945396795345,25.8676651009614,29.3674929390241
2019,YR2019,"Congo, Rep.",COG,13976637779.9763,40.0371422088917,13.2408750888074,25.9000965433665,56.1988143702835,35.3769404227539
2019,YR2019,Costa Rica,CRI,64417670521.3339,64.294600720326,16.7512009792543,16.0640851994565,34.3253215592844,31.4352084583213
2019,YR2019,Cote d'Ivoire,CIV,60382894697.3557,66.5220102443249,10.8276425991993,21.9899384954404,22.6604887650452,21.9999218180343
2019,YR2019,Croatia,HRV,61467582193.6824,56.747505302972,21.6943108660348,21.9617272387166,50.4892350523665,50.8927782779613
2019,YR2019,Cuba,CUB,103427600000,54.666259296358,32.232015438819,11.494997466827,12.2133743797594,10.6075167556822
2019,YR2019,Curacao,CUW,3026124115.73275,..,..,..,..,..
2019,YR2019,Cyprus,CYP,26196667099.5303,63.4628035369991,16.0314662020454,19.4941688880243,75.7588676037208,74.7473019574414
2019,YR2019,Czechia,CZE,256794209028.77,46.0418121034786,19.2646329881001,26.171850655873,72.1248511386482,66.0297588552233
2019,YR2019,Denmark,DNK,345401473012.615,47.0983967682387,24.2047767614883,21.8859998750194,58.9506079167167,52.9408671489359
2019,YR2019,Djibouti,DJI,3088851450.30694,65.4110824697962,19.810959232023,2.28145969959191,166.717864481384,154.221365882795
2019,YR2019,Dominica,DMA,644259259.259259,..,..,..,..,..
2019,YR2019,Dominican Republic,DOM,89146130744.723,68.5881994464389,10.4392552012067,25.2348623794613,23.325332586795,27.587649613902
2019,YR2019,Ecuador,ECU,107595830000,63.752271812021,15.184077301137,21.04923118303,24.0486345985713,24.0342148947594
2019,YR2019,"Egypt, Arab Rep.",EGY,318678815489.749,79.8963545389564,7.2855611150822,20.6540385989993,16.6440314510365,24.4799857040743
2019,YR2019,El Salvador,SLV,26881140000,81.7533408181349,16.0320209633966,18.3447949008115,29.9559096080003,46.0861034911466
2019,YR2019,Equatorial Guinea,GNQ,11364133549.7478,56.2649182510257,25.4606719871873,10.891703090741,51.1307495482003,43.7480428771542
2019,YR2019,Eritrea,ERI,..,..,..,..,..,..
2019,YR2019,Estonia,EST,31873748770.0313,49.0441138740105,19.0819330513563,26.356088071314,72.0191543549198,68.3329936436289
2019,YR2019,Ethiopia,ETH,95912620248.0592,68.6823158571842,9.20441362859999,35.2639756254811,7.93996502459584,20.8753289042388
2019,YR2019,Faroe Islands,FRO,3266432734.22819,41.8607960413673,27.6094430648189,27.6135742909209,55.7701753016943,52.853529673679
2019,YR2019,Fiji,FJI,5444407198.13478,69.5995612741007,21.2424351681549,19.6476633955388,48.4609021522354,58.9505619900298
2019,YR2019,Finland,FIN,267014821129.411,52.8601614972455,23.318575537276,24.5675378797407,40.6183181143561,39.9458321803805
2019,YR2019,France,FRA,2722793515171.76,53.7288194408469,23.0348422675243,23.0250733613606,32.8895593910847,33.5394177830602
2019,YR2019,French Polynesia,PYF,6022276196.13871,65.9731612629847,30.6497192744132,25.4985138057167,20.5923590296429,42.7137533727575
2019,YR2019,Gabon,GAB,16874405465.391,37.6737171297373,10.9934292922959,21.8987965722319,51.4310732271996,21.9970162214648
2019,YR2019,"Gambia, The",GMB,1813609692.49994,86.4067484502198,8.24288423463265,24.6538431612228,20.1658912380486,35.8320203806507
2019,YR2019,Georgia,GEO,17638337116.9126,68.889522583759,13.1442836745365,27.1682284921369,54.3043084100873,63.5057718296264
2019,YR2019,Germany,DEU,3957208055215.68,51.0493425519395,19.9030235821301,21.3000724211289,42.3863044855837,36.747442628887
2019,YR2019,Ghana,GHA,68352629246.1555,76.2351235806834,7.04320381025923,18.6472756161472,37.4495998625311,39.3752028696209
2019,YR2019,Gibraltar,GIB,..,..,..,..,..,..
2019,YR2019,Greece,GRC,207305649887.019,68.3649191955026,19.9791204523634,12.0996603246177,39.5602917930958,41.0298090980773
2019,YR2019,Greenland,GRL,2997309971.87623,35.0428205538659,43.7935208900272,31.269509364495,41.0427004962382,51.148051064511
2019,YR2019,Grenada,GRD,1213485185.18519,..,..,..,..,..
2019,YR2019,Guam,GUM,6355000000,57.2147915027537,..,..,22.2501966955153,55.8143194335169
2019,YR2019,Guatemala,GTM,77172317258.6478,84.855948902249,11.1070048234102,14.3298367176167,17.6119761529528,27.9047665962287
2019,YR2019,Guinea,GIN,13442861496.4454,73.2003316119022,15.402325246451,19.7285576989784,35.0420493356329,43.3732638929645
2019,YR2019,Guinea-Bissau,GNB,1588767975.59018,72.0009745673566,18.7913093156164,22.6522646576117,18.3667190776921,31.8112676290193
2019,YR2019,Guyana,GUY,5173760191.84652,..,..,..,..,..
2019,YR2019,Haiti,HTI,15016090929.5125,96.6039975441292,7.19135114705545,18.5362500202298,10.5576734334849,34.0110453423444
2019,YR2019,Honduras,HND,24882225741.8119,82.1753054554816,13.879034545863,22.9677105146214,40.2189637388964,59.2410142548624
2019,YR2019,"Hong Kong SAR, China",HKG,363074545072.389,69.3745074730529,10.8764361048878,18.189947213062,177.651315174364,176.092205965367
2019,YR2019,Hungary,HUN,164936682033.992,48.9398211482835,19.9741487864456,28.6983472177676,81.065700696964,78.8598557678669
2019,YR2019,Iceland,ISL,24681343649.2952,50.1752317389528,24.5873763058398,20.6736408574095,43.7132484395931,39.1494973417951
2019,YR2019,India,IND,2835606256558.19,60.91128763805,11.0026755133718,30.0961975685688,18.664264897257,21.2411386333872
2019,YR2019,Indonesia,IDN,1119099871350.2,57.9304645761067,8.80847129067065,33.7801423773995,18.5915277970883,19.0362497386225
2019,YR2019,"Iran, Islamic Rep.",IRN,333519146339.191,49.0765673817761,15.3002757124463,37.2993303178833,23.4838672675323,27.2704670825754
2019,YR2019,Iraq,IRQ,233636097800.338,42.9672282130556,19.3153864358706,22.7407245883586,38.0518681988838,30.9380702213968
2019,YR2019,Ireland,IRL,407124824064.995,28.8163125257306,11.8145031159268,53.7135535203871,127.271542898368,122.47422278388
2019,YR2019,Isle of Man,IMN,7314967866.28289,..,..,..,..,..
2019,YR2019,Israel,ISR,400645216358.857,52.1233183981946,22.1367419361983,23.8648600543139,28.9810422486608,27.3443063939232
2019,YR2019,Italy,ITA,2019606796583.53,59.5698341103556,18.5421071991348,18.3641315277239,30.9498739181942,27.7443163412796
2019,YR2019,Jamaica,JAM,15830766531.1474,76.1872089755988,13.5821416742441,24.2690954889352,38.0360807474106,52.0745268861888
2019,YR2019,Japan,JPN,5117993853016.51,54.5545811265887,19.9451059201578,25.7896961306359,17.4635264275221,17.7528916808924
2019,YR2019,Jordan,JOR,44503006338.0282,74.6934820940804,16.3717377599542,21.4133341743379,36.3349404358171,49.3528930606033
2019,YR2019,Kazakhstan,KAZ,181667184854.501,52.2788563150279,9.13216157597614,27.6275749485747,36.4389870990994,28.419629452657
2019,YR2019,Kenya,KEN,100378436207.371,77.4226642300581,12.1707972873275,19.3418324204191,11.4279956869332,20.3314661545478
2019,YR2019,Kiribati,KIR,216985388.322754,90.5259903567367,62.0669261697663,15.9071875951111,14.9796668239413,81.6106439130296
2019,YR2019,"Korea, Dem. People's Rep.",PRK,..,..,..,..,..,..
2019,YR2019,"Korea, Rep.",KOR,1651422932447.77,48.6326175120672,17.0778656523485,31.4949336660816,39.2758610673609,36.4812778978581
2019,YR2019,Kosovo,XKX,7899737577.47286,80.0845557619627,12.4854382801326,34.5581995450224,29.3126074591152,56.440801046233
2019,YR2019,Kuwait,KWT,140856394870.02,40.1645523964069,24.4026499826915,23.0019978518204,52.05825607288,39.6274563105372
2019,YR2019,Kyrgyz Republic,KGZ,9371275264.36735,77.3300987499985,15.700980649991,34.4462636342397,33.4764696600324,60.9538126942615
2019,YR2019,Lao PDR,LAO,18740561512.5555,..,..,..,..,..
2019,YR2019,Latvia,LVA,33099503950.847,60.7179165719242,19.8089011462475,23.3384745378809,62.5368430163073,62.7547886916228
2019,YR2019,Lebanon,LBN,51605959131.2741,93.6331403584653,15.6297834775773,12.3224742609761,20.6977589567577,42.2831570534023
2019,YR2019,Lesotho,LSO,2390702295.82777,83.6108994228792,37.6925712652716,26.7945041312681,46.2093281781161,94.3073053135637
2019,YR2019,Liberia,LBR,3319596500,..,..,..,..,..
2019,YR2019,Libya,LBY,69254496471.6938,38.5455822214879,43.6144615638812,13.7553442934446,42.35532240076,36.6386467842538
2019,YR2019,Liechtenstein,LIE,6436467007.11932,..,..,..,..,..
2019,YR2019,Lithuania,LTU,55122066225.796,59.670645154038,16.7959480603607,19.5803862338798,76.8187229886379,71.5562730231805
2019,YR2019,Luxembourg,LUX,69872035113.6469,33.6020170141711,17.2435453447671,18.653116084379,206.580145839872,176.080634744548
2019,YR2019,"Macao SAR, China",MAC,55082293844.1008,24.9448868493274,10.2053808431187,14.140009897872,82.706393125478,31.9966707157961
2019,YR2019,North Macedonia,MKD,12606338448.547,65.5025458976184,13.9974562678743,34.2601160992835,62.4080567878813,76.1681750526576
2019,YR2019,Madagascar,MDG,14104664678.5063,70.8967170517366,15.1061191330375,22.6840481290776,28.4244012431975,34.1769218025153
2019,YR2019,Malawi,MWI,11051865579.8121,..,..,..,..,..
2019,YR2019,Malaysia,MYS,365177721021.516,59.7716877634033,11.653100184343,21.0482403944815,65.2777668428576,57.7507951850853
2019,YR2019,Maldives,MDV,5726094799.37709,46.3602189709383,16.5770131482612,43.161162875967,65.5134179400092,71.6118129351757
2019,YR2019,Mali,MLI,20477421884.5414,71.4066748252847,12.6301441404934,26.5074433150938,21.7272254994959,32.2714877803678
2019,YR2019,Malta,MLT,16337793530.7788,46.1705266292423,16.8903190972489,20.9696312107855,124.520039892667,108.550402010034
2019,YR2019,Marshall Islands,MHL,232900000,75.0706741090597,66.0351223701159,53.1513954486904,37.0618720480893,115.945856590812
2019,YR2019,Mauritania,MRT,7894764885.82312,54.8738803896218,13.295473572103,40.5222920920855,42.3975240406607,51.089170094471
2019,YR2019,Mauritius,MUS,14436346979.6355,73.3724136314996,14.7496231263718,19.4359392940552,44.0209877603943,51.824810391558
2019,YR2019,Mexico,MEX,1304106203902.45,67.1220772683482,11.1079031013032,22.1485426373991,38.5296507920009,38.9323214651119
2019,YR2019,"Micronesia, Fed. Sts.",FSM,394000000,..,..,..,26.7941370558376,69.0552538071066
2019,YR2019,Moldova,MDA,11736797054.6965,84.9353845873866,15.2110207292095,25.1036618823408,31.1910849579769,56.4411521569138
2019,YR2019,Monaco,MCO,7383496254.23721,..,..,..,..,..
2019,YR2019,Mongolia,MNG,14206359017.5143,57.2622382408762,13.1079648639038,35.591845156927,59.2172331806539,65.1792814405109
2019,YR2019,Montenegro,MNE,5542054181.12616,71.3756007463161,17.7979068486443,31.9777923076597,43.8466387797969,64.9979386824171
2019,YR2019,Morocco,MAR,128920266409.458,59.038130849564,18.1789365690301,30.594933523466,34.093057468891,41.9050584109511
2019,YR2019,Mozambique,MOZ,15512759046.672,67.8857426439293,22.5751969191515,40.8461199313593,37.1420563608323,68.4491150410889
2019,YR2019,Myanmar,MMR,75065106227.6892,..,..,..,..,..
2019,YR2019,Namibia,NAM,12541928303.48,69.2156734287834,25.5542319178444,15.3291127102813,36.4008818615818,46.5002688810536
2019,YR2019,Nauru,NRU,124871111.377973,..,..,..,60.5348040613131,95.7327304354687
2019,YR2019,Nepal,NPL,34186180699.0255,76.579497501715,8.11709521231421,41.3787409108185,7.7799364745157,41.4695901129297
2019,YR2019,Netherlands,NLD,928903005576.469,42.6079851331759,24.1193009603901,21.7580356895369,85.3209394926528,75.3557323923463
2019,YR2019,New Caledonia,NCL,9475655324.59495,..,..,..,..,..
2019,YR2019,New Zealand,NZL,213006341101.869,57.1739190948821,18.852086342506,23.7676954815243,27.3298341875002,27.1244629883365
2019,YR2019,Nicaragua,NIC,12699023614.245,71.3891871511986,15.2130925728858,17.831076630152,44.8044297851925,49.2377861394288
2019,YR2019,Niger,NER,12889555561.2299,68.7832253947,15.6551048903491,30.6723209374769,10.7593769160532,26.3431895090269
2019,YR2019,Nigeria,NGA,474517490844.461,..,..,..,..,..
2019,YR2019,Northern Mariana Islands,MNP,1179000000,57.930449533503,..,..,42.4936386768448,62.25614927905
2019,YR2019,Norway,NOR,408742840909.091,43.8989896125509,24.1035080681146,29.611444403947,36.640925320627,34.2548952066717
2019,YR2019,Oman,OMN,88060858257.4772,37.5186801892532,23.1085016273177,26.8649178662351,49.4929030047786,36.9852980265451
2019,YR2019,Pakistan,PAK,320909472770.669,83.8744524007139,10.7497525397816,15.4996449690024,9.3908635386027,19.5147134481005
2019,YR2019,Palau,PLW,281941600,74.0176334389817,33.7772077621749,34.2474115206837,37.9030976627784,77.1455507097924
2019,YR2019,Panama,PAN,69778991200,50.8079911880411,11.1248445506332,38.0674659280543,40.2141745207689,40.2144760441879
2019,YR2019,Papua New Guinea,PNG,24750626029.8777,..,..,..,..,..
2019,YR2019,Paraguay,PRY,37925338329.1494,65.4159995196382,11.9462687058924,21.6853116218616,36.0872909434467,35.1348707907966
2019,YR2019,Peru,PER,228346006003.648,64.7873183688896,13.2443725852511,20.8336395514866,24.0390874349068,22.9044179405342
2019,YR2019,Philippines,PHL,376823402239.136,73.2064393386947,12.4677544303537,26.4018084647284,28.3829200126393,40.4589222469285
2019,YR2019,Poland,POL,602683770144.88,57.8292592382912,17.8183081676231,20.7076794491101,52.6128934811742,48.9681403361987
2019,YR2019,Portugal,PRT,240115970063.019,64.0236058673067,16.9881438936785,18.76826598288,43.6531259432991,43.1178629650595
2019,YR2019,Puerto Rico (US),PRI,105126400000,65.4058352611713,7.97249786923171,15.3486659868501,60.5788840862048,46.9925727505175
2019,YR2019,Qatar,QAT,176371267692.308,23.4696605624887,18.4635893006111,43.7354058328665,52.1888599262863,37.8575156222525
2019,YR2019,Romania,ROU,251677082534.495,62.394657133969,17.5618884357099,24.252537482587,40.079314554834,44.2883976070999
2019,YR2019,Russian Federation,RUS,1693115002708.32,51.5990121186078,18.1013664111203,22.6615137722235,28.4334306799759,20.7953229819275
2019,YR2019,Rwanda,RWA,10349300276.7623,71.4795017949883,15.8165587890012,27.0287152007204,21.8254435390056,36.1502193247898
2019,YR2019,Samoa,WSM,912950466.064906,66.9216683497283,13.7720322357897,33.6506492980512,35.033330142378,48.2977494392677
2019,YR2019,San Marino,SMR,1616232125.12587,35.7255330572253,19.5202935432042,24.0244731514119,163.997239164221,143.267538916062
2019,YR2019,Sao Tome and Principe,STP,412976082.620705,..,..,..,..,..
2019,YR2019,Saudi Arabia,SAU,888890133333.333,44.2463680550847,22.6767882524964,25.5522842268021,32.159204977113,24.6346155115383
2019,YR2019,Senegal,SEN,23403995992.1354,68.2966738981842,14.0076479696607,31.9656603434826,24.9831341973865,39.253116408714
2019,YR2019,Serbia,SRB,53864693664.5568,66.3634752708796,18.3652144119898,24.9266250234247,48.9609956559925,58.6163138900993
2019,YR2019,Seychelles,SYC,1868690096.73454,64.4255806862556,22.1841344223733,22.0855945287218,82.3562686214226,91.0515782587732
2019,YR2019,Sierra Leone,SLE,6526183564.19893,93.8635838201327,7.02650364204283,16.0195395367507,9.69026986030876,27.8566842530708
2019,YR2019,Singapore,SGP,376161998830.048,35.6532196395401,10.2740281293141,24.5014074011136,176.891299992751,147.50368512255
2019,YR2019,Sint Maarten (Dutch part),SXM,1407880446.92737,..,..,..,..,..
2019,YR2019,Slovak Republic,SVK,105843498304.094,56.2944900786572,19.5594607255757,24.0619105210669,91.8440865121276,91.8785221191079
2019,YR2019,Slovenia,SVN,53909922735.545,52.933029495901,18.4696011878283,20.8345240702316,84.3570583498527,75.687217335396
2019,YR2019,Solomon Islands,SLB,1619155017.3924,59.7173945896932,27.6258123016473,22.695330210065,36.4969019192988,46.5014356959347
2019,YR2019,Somalia,SOM,8655023960.00102,121.987706663705,6.1082539163766,16.0795381553317,13.0675548124059,57.2430535478196
2019,YR2019,South Africa,ZAF,389330032224.269,64.0928641797245,19.5800800398681,15.8207933783179,27.2021294051151,26.6958670030255
2019,YR2019,South Sudan,SSD,..,..,..,..,..,..
2019,YR2019,Spain,ESP,1403496387686.27,56.9936428679679,18.7386237646665,20.9088226144802,34.6755629292261,31.6906621148431
2019,YR2019,Sri Lanka,LKA,88998706296.5783,62.6971972384631,8.97254856440914,34.1087160599303,21.8235309247363,27.6019929607237
2019,YR2019,St. Kitts and Nevis,KNA,1107855555.55556,..,..,..,..,..
2019,YR2019,St. Lucia,LCA,2095344444.44444,..,..,..,..,..
2019,YR2019,St. Martin (French part),MAF,652205849.387956,..,..,..,..,..
2019,YR2019,St. Vincent and the Grenadines,VCT,910481481.481481,..,..,..,..,..
2019,YR2019,Sudan,SDN,32338079165.2893,88.424717015275,6.17093549809089,14.3050078362201,8.45298341762853,17.666637037634
2019,YR2019,Suriname,SUR,4016040575.08796,..,..,..,..,..
2019,YR2019,Eswatini,SWZ,4616996144.90635,59.158941179928,21.7274710754456,16.2313994688745,44.761705694096,41.8795172684727
2019,YR2019,Sweden,SWE,532169294165.94,45.0827991893422,25.8359933747139,24.4595597883993,48.2412138172619,44.2798696637669
2019,YR2019,Switzerland,CHE,721369112726.724,52.4041280128062,11.3549037641088,26.4377930438681,66.9653936798419,57.1622185006251
2019,YR2019,Syrian Arab Republic,SYR,22583045060.0821,93.2207358438009,15.3699342294974,..,13.0100664640827,28.9894046595335
2019,YR2019,Tajikistan,TJK,8300813599.3084,76.2417551302114,11.154496661602,35.3886623401905,14.9799392742745,41.0650766403151
2019,YR2019,Tanzania,TZA,61026731925.9213,58.6591810228166,7.78241227923226,39.7264057276571,16.0367461484986,16.9818431017325
2019,YR2019,Thailand,THA,543976691793.886,49.7738077658505,16.1693520358071,23.8147525746375,59.5188906218859,50.1706240932801
2019,YR2019,Timor-Leste,TLS,2032550389.41316,54.1869764083926,47.2218501936927,26.7767826487754,21.2143178464812,49.3999265764771
2019,YR2019,Togo,TGO,6992700101.37188,76.6698396426741,13.2454663054356,18.6014498059603,23.8124527104537,32.3299406897562
2019,YR2019,Tonga,TON,494197853.971842,89.57663008772,21.0683332487217,27.4240031635846,22.7656694071931,67.5491036955691
2019,YR2019,Trinidad and Tobago,TTO,23588037786.7403,..,..,20.7784776677143,..,..
2019,YR2019,Tunisia,TUN,41905642418.825,71.8122328093272,18.8168916957322,19.8025035516995,45.9504933345152,56.3815521435025
2019,YR2019,Turkiye,TUR,761005915750.925,56.8958384827858,15.2709486844521,24.8780736162612,33.0742160572998,30.1190768431148
2019,YR2019,Turkmenistan,TKM,45232857142.8571,..,12.3076777311057,..,24.7336007327164,19.552158671004
2019,YR2019,Turks and Caicos Islands,TCA,1371838000,..,..,..,..,..
2019,YR2019,Tuvalu,TUV,54123198.5662913,..,..,..,..,..
2019,YR2019,Uganda,UGA,35353061007.9635,71.174966735667,8.77456131212774,25.5294607796946,17.1090580167383,22.2519959480052
2019,YR2019,Ukraine,UKR,153883047509.577,74.3769608654133,18.7805334308224,14.8903574828309,41.2316912560049,49.2795430350714
2019,YR2019,United Arab Emirates,ARE,417989721742.682,39.1921113348646,13.087529585058,24.0692780432813,96.8595999294072,73.2085188926111
2019,YR2019,United Kingdom,GBR,2851407164907.81,63.9207921855786,19.0961094864142,18.3786714033307,31.63478028095,33.0303533562736
2019,YR2019,United States,USA,21539982000000,67.0267180353261,13.9835585749329,21.6698091948266,11.7891974097286,14.4692832148142
2019,YR2019,Uruguay,URY,62222313618.8454,..,..,14.1208503918774,27.9053695836796,21.839464532284
2019,YR2019,Uzbekistan,UZB,67293639798.3996,65.401246792293,14.4693873139304,39.1565362701328,25.3501332976894,39.6137894655513
2019,YR2019,Vanuatu,VUT,936526267.622513,55.5216379711494,20.5742205677059,24.4374127501163,50.3452768729642,49.0376919497441
2019,YR2019,"Venezuela, RB",VEN,..,..,..,..,..,..
2019,YR2019,Viet Nam,VNM,334365270496.667,56.8280701127439,9.5788363682709,31.9799606565797,85.1575874073411,79.5466276240668
2019,YR2019,Virgin Islands (U.S.),VIR,4121000000,69.2307692307692,37.0541130793497,..,54.9623877699587,100.461053142441
2019,YR2019,West Bank and Gaza,PSE,17133500000,90.0452330230251,20.660110310211,26.8012957072402,15.5210552426533,53.4724370385502
2019,YR2019,"Yemen, Rep.",YEM,..,..,..,..,..,..
2019,YR2019,Zambia,ZMB,23308667781.2258,42.1773491836957,17.6842563810264,39.2619086467844,34.6361926031881,34.1550123329079
2019,YR2019,Zimbabwe,ZWE,25715657177.4682,79.5490919540095,7.33915026067827,13.7994019768446,27.5541700868299,28.2418142783622
2019,YR2019,World,WLD,88492389499432.2,56.1773255641866,16.6934269873961,26.4922102984618,28.0141587147594,27.4596843569151
2020,YR2020,Afghanistan,AFG,19955929052.1496,92.3033474357087,22.1092193573017,11.5,10.4208171386207,36.2890774127896
2020,YR2020,Albania,ALB,15241455556.3737,74.5535283072023,13.6673333207542,26.2183527297829,22.540763270986,36.9799486187859
2020,YR2020,Algeria,DZA,164873415325.201,46.5668369396335,19.8031597171656,42.9493576825015,15.5352011116191,24.8545554509197
2020,YR2020,American Samoa,ASM,721000000,73.9251040221914,..,..,59.2233009708738,95.1456310679612
2020,YR2020,Andorra,AND,2891001149.3611,..,..,..,..,..
2020,YR2020,Angola,AGO,48501561203.5686,54.1746112992015,8.64793565020863,26.4904004984611,38.314540742558,27.6274881904292
2020,YR2020,Antigua and Barbuda,ATG,1411637037.03704,..,..,..,41.8859637615377,52.4035661249613
2020,YR2020,Argentina,ARG,385740508436.965,65.7047068081581,16.8730073837365,14.4151557410245,16.6054144372484,13.5982843701675
2020,YR2020,Armenia,ARM,12641698583.2152,75.3263825282527,14.9686182373692,19.663832943599,29.7649869151934,39.7238206244142
2020,YR2020,Aruba,ABW,2481857122.8401,65.4217903273355,28.5514839909581,24.1787830427285,52.9926043749021,71.1446628587944
2020,YR2020,Australia,AUS,1328414058378.38,52.288608103396,21.8946914788236,22.4277286299436,24.0267391579698,20.6377169074661
2020,YR2020,Austria,AUT,434397601557.696,49.8490947884151,21.1529340170726,25.6530737541266,51.6630899700616,48.2851241395359
2020,YR2020,Azerbaijan,AZE,42693000000,60.8858595085846,16.2189420775689,23.6659543305763,35.6235558660257,36.3943117827554
2020,YR2020,"Bahamas, The",BHS,10363200000,63.1552030260923,21.7683727034121,23.0710591323143,23.2736992434769,30.1470588235294
2020,YR2020,Bahrain,BHR,35837632978.7234,40.7009302446391,16.5555429863148,37.2956675002815,70.4544358235096,65.0065491894219
2020,YR2020,Bangladesh,BGD,373979442362.193,66.9511902559287,5.97120729189186,31.3079413414304,10.4427880616037,15.8286593146113
2020,YR2020,Barbados,BRB,5168344450,..,..,..,..,..
2020,YR2020,Belarus,BLR,61371673344.7424,52.2355611244396,16.9649774780792,27.4548359346196,61.0120971835577,57.9220789629764
2020,YR2020,Belgium,BEL,529694473501.791,49.0505786619498,24.3008045914304,24.068567845367,79.1968705613294,77.7532507214541
2020,YR2020,Belize,BLZ,2042850000,62.8778422302176,17.3287319186431,18.5769880314267,37.7169150941087,44.1050493183543
2020,YR2020,Benin,BEN,15686741893.5187,68.0550868669615,11.3993621464496,25.6338435081567,19.8724704276524,24.9607629492202
2020,YR2020,Bermuda,BMU,6887364000,47.7450589223976,12.7247812080209,12.2379040805742,47.134651225055,22.0590490062671
2020,YR2020,Bhutan,BTN,2457604333.90927,54.3131532638234,22.3153543493509,39.0705723424763,28.0656355144502,43.7647155250135
2020,YR2020,Bolivia,BOL,36629843806.0781,69.4413191168371,19.7386344530618,15.7781295148662,20.2725897857053,25.2306728309622
2020,YR2020,Bosnia and Herzegovina,BIH,20226036564.4129,71.9309810341073,20.7503460226245,23.1065336178264,34.1814921420484,47.9297731152414
2020,YR2020,Botswana,BWA,14960251610.8975,48.5435786696407,36.1431463714153,32.7272598321924,31.2903662787721,46.3730515644246
2020,YR2020,Brazil,BRA,1476107231310.49,63.144000904662,20.135153015057,16.1158206039466,16.4535520094071,15.8485265343869
2020,YR2020,British Virgin Islands,VGB,..,..,..,..,..,..
2020,YR2020,Brunei Darussalam,BRN,12005799664.2691,23.7815973242698,25.4309862323916,40.5878302385858,57.3561113668496,52.9348921971137
2020,YR2020,Bulgaria,BGR,70550652466.6251,58.0345883300989,19.3076450675755,20.1337042876266,56.4240717235265,53.9000094088276
2020,YR2020,Burkina Faso,BFA,17725010532.5268,60.2403896799966,19.7841401519952,17.1615174265995,31.7768656908663,28.9629129494576
2020,YR2020,Burundi,BDI,2649680261.44299,74.884419999662,31.344300000757,11.4459869190333,4.54932000033401,22.2240099992609
2020,YR2020,Cabo Verde,CPV,1821565613.68613,73.1154789158474,25.729310475556,28.9619236573871,25.2933707721998,53.1000838209903
2020,YR2020,Cambodia,KHM,34818073901.4851,64.3394067270784,5.42216584441989,31.351227539335,59.9217979409609,62.1835984056075
2020,YR2020,Cameroon,CMR,40773241177.0505,73.3248178079671,12.2819316968054,17.6605439792144,15.2357369814791,18.503094380908
2020,YR2020,Canada,CAN,1655684730000.19,56.8237885978367,22.7011077555498,22.6747176119532,29.4736472349344,31.6831237283418
2020,YR2020,Cayman Islands,CYM,5655358021.43209,..,2.55899941849603,..,59.6335983892308,45.8391910760943
2020,YR2020,Central African Republic,CAF,2326720900.38047,91.2002600025113,9.67704000219521,25.9999999979092,15.1724799997493,34.3485400014428
2020,YR2020,Chad,TCD,14932897821.2387,65.6445418687037,9.63713677698176,22.7874455493419,21.286846433583,19.3559706286102
2020,YR2020,Channel Islands,CHI,9439810769.23077,..,..,..,..,..
2020,YR2020,Chile,CHL,254042159309.311,58.4375141064989,16.0263618695537,21.0582071011998,31.3303902428612,26.8524733201136
2020,YR2020,China,CHN,14996414166715.1,38.1684961438545,17.6037978191606,42.5723735094229,18.2035821684675,15.8353686179343
2020,YR2020,Colombia,COL,270348342541.465,70.7240370526535,17.15883586003,19.1281469366662,13.5222755593302,20.5332954086799
2020,YR2020,Comoros,COM,1225039195.93742,100.023879465555,10.5607884014024,11.8017625319814,5.67175210840519,28.0581825073439
2020,YR2020,"Congo, Dem. Rep.",COD,48716961860.1325,69.103935086528,7.57563823668699,24.602280952328,28.6049515263296,29.8868058018726
2020,YR2020,"Congo, Rep.",COG,11468687464.0046,46.6586156247576,17.4783555029861,23.7315670324983,40.7190432792988,28.5875814395408
2020,YR2020,Costa Rica,CRI,62395610759.9798,62.4591041970163,17.7047320692258,16.1630546691397,31.9064976577611,28.2333885931427
2020,YR2020,Cote d'Ivoire,CIV,63027852805.4204,66.8911969943175,11.3216044456757,21.7428934104601,20.9934684842997,20.9491633347529
2020,YR2020,Croatia,HRV,57963370885.0798,58.5518798391517,24.8798286623841,23.5476823287798,41.2770315838174,48.2564222170774
2020,YR2020,Cuba,CUB,107351800000,50.6232778584057,38.8479746031273,9.87528853731377,8.16800463522735,7.51454563407414
2020,YR2020,Curacao,CUW,2534327592.49914,..,..,..,..,..
2020,YR2020,Cyprus,CYP,25555093854.2968,61.5260513288004,19.1966992582967,20.6514604375024,79.647252717685,81.0214637422846
2020,YR2020,Czechia,CZE,251109660602.536,44.4052469340211,21.3198902324822,24.7302051809802,67.7609732344735,61.0194570714913
2020,YR2020,Denmark,DNK,355631021931.621,46.1580862277032,24.6799875258246,22.7626532555055,55.0368973244514,49.3965353466999
2020,YR2020,Djibouti,DJI,3144136196.6228,71.8800788066082,19.8438122308273,-0.248727784664231,117.134854035476,108.610017288247
2020,YR2020,Dominica,DMA,528944444.444444,..,..,..,..,..
2020,YR2020,Dominican Republic,DOM,78546672406.8291,70.2529402022121,12.0062907437446,24.879515915457,18.7972072415048,25.9359541051708
2020,YR2020,Ecuador,ECU,95865473000,63.5146858348052,16.3225877996763,17.5849129748726,23.2835621642424,20.7057487735965
2020,YR2020,"Egypt, Arab Rep.",EGY,383817841547.099,80.8227416051751,7.5399018301206,18.8180606572831,12.4727757370868,19.6534798296655
2020,YR2020,El Salvador,SLV,24921190000,80.4974802567614,19.6968523573714,17.2116179042815,24.5267982788944,41.9327086708139
2020,YR2020,Equatorial Guinea,GNQ,9893816007.7398,60.8135887753143,28.4349315814674,6.98846405853807,40.8454498501516,37.0824347940291
2020,YR2020,Eritrea,ERI,..,..,..,..,..,..
2020,YR2020,Estonia,EST,31820771493.8974,49.0013869341748,20.5086892203171,29.6577202670176,68.1545534058676,69.2380878779785
2020,YR2020,Ethiopia,ETH,107657732424.155,70.0432707879049,9.12947509940408,30.5789686594943,7.12719989668803,16.8789144434913
2020,YR2020,Faroe Islands,FRO,3271813311.5831,43.5553873681948,29.5556583367204,28.2573453493859,47.4279013487692,48.7962924030704
2020,YR2020,Fiji,FJI,4432466219.87685,76.3288345639786,23.6332496837225,16.722344711204,27.8295734109101,44.5140023698151
2020,YR2020,Finland,FIN,270000311606.226,51.5062165009074,24.4205476612504,24.9836073895773,36.2143434283611,35.9702521712277
2020,YR2020,France,FRA,2647926055110.05,53.1862855685617,24.8398357365701,22.8044182138435,28.5572228192655,30.2816679047993
2020,YR2020,French Polynesia,PYF,5574821989.38239,70.9627353133143,34.7750636838472,21.095927488638,9.49972847640143,36.3334549622008
2020,YR2020,Gabon,GAB,15342236163.9943,41.9040653088275,13.1475545987828,19.8634691073054,47.5994828157319,22.5145718306477
2020,YR2020,"Gambia, The",GMB,1812170891.19069,87.74124547095,8.99176809738058,32.34205468872,9.60764388834478,37.7878762852843
2020,YR2020,Georgia,GEO,16010869215.68,79.8723525276668,14.6114698025668,24.6056865974412,36.9003241679889,55.9907600072305
2020,YR2020,Germany,DEU,3940142541354.1,49.532006423896,21.7313211310231,21.6667343069671,39.1691838521344,33.824073376198
2020,YR2020,Ghana,GHA,70008243859.8666,77.4675806010356,7.83341015600264,18.2236669857819,31.5254204867115,35.0500782295317
2020,YR2020,Gibraltar,GIB,..,..,..,..,..,..
2020,YR2020,Greece,GRC,191362985554.861,69.1479743901376,22.7274940590434,13.5410023084822,31.450429504041,38.8433569445986
2020,YR2020,Greenland,GRL,3089625554.40473,34.0977004670308,43.6149370695797,33.0152180796327,35.9658236365076,46.6936792527507
2020,YR2020,Grenada,GRD,1043411111.11111,..,..,..,..,..
2020,YR2020,Guam,GUM,5916000000,60.2941176470588,..,..,6.40635564570656,57.2684246112238
2020,YR2020,Guatemala,GTM,77719464220.73,83.4808826612353,11.4719704888172,13.5006830736214,16.3436127212207,24.7971489282314
2020,YR2020,Guinea,GIN,14088693742.9464,72.8959985321188,17.4132237183255,31.5164009990609,46.969818134712,68.7954413842173
2020,YR2020,Guinea-Bissau,GNB,1683619351.72486,67.4464263760528,19.7057479459584,24.9484511008743,15.664911354144,27.7655367770295
2020,YR2020,Guyana,GUY,5471256594.72422,..,..,..,..,..
2020,YR2020,Haiti,HTI,14508222518.3018,97.0967283848241,7.31205557129014,17.70308377994,7.65100448067923,29.7628756445846
2020,YR2020,Honduras,HND,23352232483.755,80.9231139613875,15.6611069089394,19.666372727561,35.8751401030378,52.1257162805914
2020,YR2020,"Hong Kong SAR, China",HKG,344943149590.058,66.3430242922379,12.7458289934984,18.9818868649406,176.304482446886,174.375222597563
2020,YR2020,Hungary,HUN,158468487754.196,49.1061688830421,21.1998844610097,27.6595654880004,78.0833423107298,76.212156483458
2020,YR2020,Iceland,ISL,21629953194.0659,51.9588068079807,28.0705864394643,21.3263922801565,33.3096450490364,34.665430576638
2020,YR2020,India,IND,2674851578587.27,61.0981287103106,11.6124524106018,28.9223840080659,18.6824769296756,19.0756283996012
2020,YR2020,Indonesia,IDN,1059054842698.48,58.9338922834343,9.65575053126545,32.3434120537481,17.3311682848923,15.6410071153504
2020,YR2020,"Iran, Islamic Rep.",IRN,262186179355.944,46.2693803807801,14.4316679808889,42.2489400667992,19.4246090258049,24.3855556612928
2020,YR2020,Iraq,IRQ,180898797516.874,52.2946583749911,22.5089088159129,22.3468589955872,27.750277551257,29.992038843889
2020,YR2020,Ireland,IRL,436555518400.451,24.6358280441269,12.6067388132502,42.4628478103114,135.462876703021,114.645575611669
2020,YR2020,Isle of Man,IMN,6684225641.02564,..,..,..,..,..
2020,YR2020,Israel,ISR,410768352657.612,48.5604094241809,23.3727199721885,24.6898161307496,27.1722994385229,24.0643743535137
2020,YR2020,Italy,ITA,1907481094079.23,57.7189599666925,20.5680570300128,17.8986868297166,28.7258551870199,25.2136287172564
2020,YR2020,Jamaica,JAM,13812421835.7369,..,..,..,..,..
2020,YR2020,Japan,JPN,5054068005376.28,54.0692972800688,20.9756766472836,25.2240172261075,15.5331828643222,15.8020257724508
2020,YR2020,Jordan,JOR,43700383098.5916,79.8136555479321,16.549956438323,21.4585413761158,23.899941960737,42.1600068481689
2020,YR2020,Kazakhstan,KAZ,171082365861.423,53.0038950341928,12.742044005777,28.8069153648376,30.5289067989681,26.4975355671251
2020,YR2020,Kenya,KEN,100657505750.545,76.4393699714514,12.4776599686236,19.6515841707054,9.64186888186451,17.5959466433724
2020,YR2020,Kiribati,KIR,220897998.732518,89.0211612219857,54.5251898171266,14.6977928565612,9.57872614520318,67.1302299679302
2020,YR2020,"Korea, Dem. People's Rep.",PRK,..,..,..,..,..,..
2020,YR2020,"Korea, Rep.",KOR,1644312831906.17,46.3909283030239,18.0393452718884,31.8845852650415,36.359590549146,32.6744545418102
2020,YR2020,Kosovo,XKX,7717145217.81247,84.898403656919,13.9131774135574,33.4061275308265,21.6951468795715,53.9128702484287
2020,YR2020,Kuwait,KWT,111045470461.207,45.7564532934054,30.1779383382218,18.6506478922238,43.7128532183865,38.2978926121035
2020,YR2020,Kyrgyz Republic,KGZ,8270468614.24051,76.4257484032074,18.372283013954,25.0304913984711,29.5818778074207,49.4104006230531
2020,YR2020,Lao PDR,LAO,18981805250.2424,..,..,..,..,..
2020,YR2020,Latvia,LVA,33379927434.6149,58.7436191886626,20.8896933172828,22.1554259223647,62.6592422617585,61.2239557848013
2020,YR2020,Lebanon,LBN,31712128253.7961,100.14669999945,9.13975488671309,8.09817736631194,16.3725868676481,33.7572174203146
2020,YR2020,Lesotho,LSO,2053699870.07191,88.7999790592655,37.1352942145085,26.2646700444764,44.44901227889,96.6475923666881
2020,YR2020,Liberia,LBR,3176126300,..,..,..,..,..
2020,YR2020,Libya,LBY,46854285440.642,52.0018443095366,48.3378160301237,9.44983047721509,20.3637900560977,30.6120033812341
2020,YR2020,Liechtenstein,LIE,6405870210.32293,..,..,..,..,..
2020,YR2020,Lithuania,LTU,57412038533.2718,57.1828622871756,18.3605454231444,16.5198227850463,72.4346855034597,63.361880060059
2020,YR2020,Luxembourg,LUX,73670782100.3909,30.2248192346946,18.4796236594474,17.9294900539992,204.436962289215,171.144434087217
2020,YR2020,"Macao SAR, China",MAC,25343525935.8358,46.6140830044797,25.862469193119,26.0881805295573,61.4680620928429,60.0323009221074
2020,YR2020,North Macedonia,MKD,12361036913.8409,66.0420153000239,16.7387341620846,29.9173738943342,57.771485775759,70.4697585464977
2020,YR2020,Madagascar,MDG,13051441203.9474,76.9785607450448,18.7239712521771,17.7153251099228,20.1420748833617,28.8686324830754
2020,YR2020,Malawi,MWI,11769313597.8545,..,..,..,..,..
2020,YR2020,Malaysia,MYS,337456163961.211,61.0120288602963,12.9622736088155,19.6580082281542,61.5779359054349,55.2102465322035
2020,YR2020,Maldives,MDV,3712604583.36665,59.3967842172922,22.9707228266051,35.5119966004124,48.2411996300086,66.1207032743183
2020,YR2020,Mali,MLI,20698560938.7775,73.0197631285126,12.3189809600663,20.4182846080538,25.1422593727846,30.8992880694173
2020,YR2020,Malta,MLT,16409900599.1964,42.3972592125289,19.6854361217616,22.2044662292137,136.058044819679,120.344922224379
2020,YR2020,Marshall Islands,MHL,241800000,70.177047146402,61.3466501240695,20.6942928039702,35.4884615384615,72.3375103391232
2020,YR2020,Mauritania,MRT,8260752385.23089,53.0081491355276,12.2964872619914,38.6593231676652,41.406104283545,45.3700638487291
2020,YR2020,Mauritius,MUS,11408106446.3144,72.6359735694204,17.5684044965848,18.2149110886351,36.7588677446232,46.4807496090217
2020,YR2020,Mexico,MEX,1121064767401.51,66.1547340687821,12.1968302771767,20.2366593490104,39.2353720871536,37.6191836120664
2020,YR2020,"Micronesia, Fed. Sts.",FSM,372902690.041619,..,..,..,17.2494599040894,68.0603564355285
2020,YR2020,Moldova,MDA,11530746234.4492,82.3784003038442,17.1942044345322,23.8644443526077,27.9143362637536,51.3513858554044
2020,YR2020,Monaco,MCO,6730736282.78961,..,..,..,..,..
2020,YR2020,Mongolia,MNG,13312981429.0891,60.4715806098484,15.8102434127387,22.3835976647751,57.6603497340995,55.1782978952179
2020,YR2020,Montenegro,MNE,4769996866.00758,81.2245837049489,22.6016968367143,31.1863689218605,25.9966843090985,61.0093337726222
2020,YR2020,Morocco,MAR,121353645057.144,59.0736301028133,19.4049859563358,28.7769734233308,30.7941069539783,38.0496964364582
2020,YR2020,Mozambique,MOZ,14235420174.1884,68.8638826585085,20.6358423037231,44.8266764679686,32.7898734687844,67.1162725831946
2020,YR2020,Myanmar,MMR,79006113643.1906,..,..,..,..,..
2020,YR2020,Namibia,NAM,10583748541.5258,69.1640414150833,26.4760046729225,13.9292034235476,33.6778689517423,43.2473734519041
2020,YR2020,Nauru,NRU,124530027.301054,..,..,..,43.6380799686966,91.5107280967132
2020,YR2020,Nepal,NPL,33433659301.2466,85.2129104562903,9.0677320720387,30.4402815098213,6.80529835464112,34.113575769703
2020,YR2020,Netherlands,NLD,932560861701.17,41.0906556696384,25.419278032195,21.3519779830807,81.2415259478997,70.9917044618066
2020,YR2020,New Caledonia,NCL,9454629467.91408,..,..,..,..,..
2020,YR2020,New Zealand,NZL,213029554653.687,57.0327910771254,20.4371940676521,23.1117429315929,21.6971482843436,22.2800940018995
2020,YR2020,Nicaragua,NIC,12726422432.4868,69.7275820493594,15.0817033768448,20.3366366143416,41.7461005411755,46.8920225817213
2020,YR2020,Niger,NER,13744653103.058,71.2349789828408,15.7621549642209,28.4897323087862,9.73784560618977,25.7751450508943
2020,YR2020,Nigeria,NGA,432198898467.795,..,..,..,..,..
2020,YR2020,Northern Mariana Islands,MNP,866000000,73.5565819861432,..,..,14.7806004618938,64.203233256351
2020,YR2020,Norway,NOR,367633418886.627,43.4471013917075,26.1340574738378,31.3521157276673,32.2103377797679,33.1436412615645
2020,YR2020,Oman,OMN,75909492847.8544,44.077198223879,26.0658781931806,27.6206693345028,47.0548733691481,44.8210174322991
2020,YR2020,Pakistan,PAK,300425609817.981,81.5148212989379,11.7888005549132,14.8155399943358,9.29855944234725,17.4177212905341
2020,YR2020,Palau,PLW,258990800,81.4501905086976,40.6324471757298,41.8262733656949,23.5292527765465,83.7123171942787
2020,YR2020,Panama,PAN,57059846500,57.4700091420681,14.7376302528259,23.9546077292725,36.269088105591,32.431335405012
2020,YR2020,Papua New Guinea,PNG,23848447849.6081,..,..,..,..,..
2020,YR2020,Paraguay,PRY,35432178068.1814,63.5330303169111,12.6444728382528,20.0414603496168,33.2706269850168,29.4895904898392
2020,YR2020,Peru,PER,201409694755.934,64.2137189859571,15.8181030380089,18.1912588877919,23.0114431429931,21.2345240547509
2020,YR2020,Philippines,PHL,361751145451.597,75.0690480661858,15.2614545873485,17.4333790282876,25.2028393102032,32.966720992025
2020,YR2020,Poland,POL,605914186117.953,56.7147528745288,18.8371621590167,18.8394051569485,52.4338855199248,46.8252057104188
2020,YR2020,Portugal,PRT,229618773422.577,63.8926452290437,18.9224290644649,19.4185791809348,37.2560151344529,39.2526255864686
2020,YR2020,Puerto Rico (US),PRI,103130900000,63.4820407850605,7.47884484669483,10.8810259582724,60.3479655466984,43.1616518424643
2020,YR2020,Qatar,QAT,144411363351.648,25.9767821998352,21.9553521383513,43.8492040252077,49.118878259958,40.9002166233522
2020,YR2020,Romania,ROU,252033792712.145,61.2919110114213,18.9067914550591,24.1959598343127,36.7644905796344,41.1591528804276
2020,YR2020,Russian Federation,RUS,1493075894362.14,51.4957072435794,19.9710007886076,23.4558291480158,25.5221855113549,20.4447226915578
2020,YR2020,Rwanda,RWA,10174386854.812,76.4179576729255,16.383453875618,23.7346563348968,19.3259418342726,35.8620097177129
2020,YR2020,Samoa,WSM,868898358.266437,72.2013556839092,14.6431224712105,33.1899909156082,29.1959598665689,48.2876401292505
2020,YR2020,San Marino,SMR,1544714493.24409,36.2751012356411,21.6198092800334,18.05086817635,164.47869441727,140.424473161793
2020,YR2020,Sao Tome and Principe,STP,471229484.607144,..,..,..,..,..
2020,YR2020,Saudi Arabia,SAU,767951200000,49.2265654380122,27.3711142062152,23.3158218039549,23.8098115262185,23.7233476988295
2020,YR2020,Senegal,SEN,24530513037.7518,68.732561252516,14.2802395565824,35.632965093467,20.7005528555706,39.346318758136
2020,YR2020,Serbia,SRB,55874017668.998,64.6330898951998,19.3837021106122,24.0974936172696,46.1050875935238,54.2193732166053
2020,YR2020,Seychelles,SYC,1382551751.56908,72.6918685794318,26.3767644643015,21.3213198960022,66.5466895183828,86.9366420475376
2020,YR2020,Sierra Leone,SLE,6693888876.28565,86.4756484375431,7.75024160553093,15.3284196173828,9.88222282225199,20.7053538047064
2020,YR2020,Singapore,SGP,349165858544.568,32.0876961666294,12.2619659464446,22.8053955630909,181.782024531778,150.258780950135
2020,YR2020,Sint Maarten (Dutch part),SXM,1236428100.55866,..,..,..,..,..
2020,YR2020,Slovak Republic,SVK,107732602896.441,57.0041906971673,20.7560453692276,20.2268098788151,84.2983434485345,83.2358298718319
2020,YR2020,Slovenia,SVN,53384760135.1581,50.7242959415708,20.7447344651164,20.1896719461532,78.2717999916943,69.2772085932473
2020,YR2020,Solomon Islands,SLB,1536145814.17007,62.9119442022668,25.1216612506935,16.7234683363716,27.9384956804312,32.2818419592613
2020,YR2020,Somalia,SOM,8628393720.00185,125.48431563686,6.89625600443056,16.0020142196059,13.6525990610422,62.035184921984
2020,YR2020,South Africa,ZAF,337974655408.055,62.6419507722583,20.6203398698938,12.3455441478462,27.5759141603963,23.1837449200214
2020,YR2020,South Sudan,SSD,..,..,..,..,..,..
2020,YR2020,Spain,ESP,1289783836971.21,55.5700690923067,21.8157054375876,20.6266482703898,30.4810248544563,28.9651031602513
2020,YR2020,Sri Lanka,LKA,84335574581.5072,62.9048075378579,10.3979083372906,32.8711231474519,15.4576399173458,21.6314789399461
2020,YR2020,St. Kitts and Nevis,KNA,883922222.222222,..,..,..,..,..
2020,YR2020,St. Lucia,LCA,1499274074.07407,..,..,..,..,..
2020,YR2020,St. Martin (French part),MAF,..,..,..,..,..,..
2020,YR2020,St. Vincent and the Grenadines,VCT,864566666.666667,..,..,..,..,..
2020,YR2020,Sudan,SDN,27034593750,79.4725433816095,14.44544106941,5.78653523341068,5.12531269468598,4.82983238157553
2020,YR2020,Suriname,SUR,2911807496.20227,..,..,..,..,..
2020,YR2020,Eswatini,SWZ,4120621324.89015,56.4914622456397,25.3208576586241,14.9844217251302,43.7519351716358,40.5486768010299
2020,YR2020,Sweden,SWE,545147614972.141,44.1346486680483,26.5311658405992,24.410184629369,44.2599429832196,40.0708387887778
2020,YR2020,Switzerland,CHE,741999406005.627,51.8896592510637,12.1264545910032,29.5787498388343,64.0955571587348,57.6904209831863
2020,YR2020,Syrian Arab Republic,SYR,12047752036.091,92.9966365321369,10.6812655408486,..,13.6860074738725,31.1323278288755
2020,YR2020,Tajikistan,TJK,8133963550.65742,77.5972119492653,11.5680045927562,33.4749512555638,17.3243145704475,38.4247894490479
2020,YR2020,Tanzania,TZA,66068737786.0639,54.5601789204022,7.69958423897104,38.7464874924603,13.5038738462361,14.4591413507523
2020,YR2020,Thailand,THA,500461898480.246,53.0475999711646,17.7948874074302,23.7553851722696,51.4944266088919,46.3063166376258
2020,YR2020,Timor-Leste,TLS,2162619240.86927,50.4737162867952,44.4784584277241,16.465700169063,36.6662140526074,48.0840954500164
2020,YR2020,Togo,TGO,7400284167.78479,74.4650780608053,13.225730719568,21.3309073834957,23.263528583167,32.2850099776969
2020,YR2020,Tonga,TON,496856303.949489,84.7190883587029,22.4936141495757,24.4952501330576,20.0904225442671,63.36756980308
2020,YR2020,Trinidad and Tobago,TTO,20991339706.5613,..,..,20.9681333096792,..,..
2020,YR2020,Tunisia,TUN,42491780918.361,74.0263141819265,21.635603056348,12.7018688374514,37.9834329271201,46.3548339317886
2020,YR2020,Turkiye,TUR,720338490327.248,56.7680535277019,14.9935118819125,31.3406099954945,29.1207901808282,32.2229655859371
2020,YR2020,Turkmenistan,TKM,45818000000,..,12.174441735313,..,17.8189482611326,18.1176455915641
2020,YR2020,Turks and Caicos Islands,TCA,918387000,..,..,..,..,..
2020,YR2020,Tuvalu,TUV,51746594.3148543,..,..,..,..,..
2020,YR2020,Uganda,UGA,37600368239.8824,71.2621730109862,9.51141446504173,24.2159505553913,15.4147985397289,21.585893851908
2020,YR2020,Ukraine,UKR,156617722013.342,73.2857637541787,19.2950967142315,8.93229932738453,38.8216462901934,40.3348060859881
2020,YR2020,United Arab Emirates,ARE,349473015330.157,46.3118069677637,15.1795645383213,23.3288630345764,100.230158948476,85.0503934969287
2020,YR2020,United Kingdom,GBR,2696778386607.65,59.238473657538,22.6109420267119,17.5811486266132,29.6697957580892,29.1113418392136
2020,YR2020,United States,USA,21354105000000,66.6179032087741,14.8957448696632,21.4188185362955,10.0736556273372,13.0061222420701
2020,YR2020,Uruguay,URY,53559359261.826,..,..,16.2336764872534,26.188280623321,21.5435926948878
2020,YR2020,Uzbekistan,UZB,66443265418.3086,64.4050382416415,14.6422818278123,37.5933580339099,21.9154164873001,34.136114347697
2020,YR2020,Vanuatu,VUT,909421043.508407,71.7933078557882,23.4063033098571,33.2424782471957,18.4734439478123,51.4414508858371
2020,YR2020,"Venezuela, RB",VEN,..,..,..,..,..,..
2020,YR2020,Viet Nam,VNM,346615738537.796,55.9670825232793,9.47881328344632,31.915688393806,84.381598008957,78.8642648059779
2020,YR2020,Virgin Islands (U.S.),VIR,4229000000,65.5001182312603,34.7363442894301,..,38.3069283518562,75.2896665878458
2020,YR2020,West Bank and Gaza,PSE,15531700000,88.7140493313675,23.4333653109447,24.3038431079663,15.3576234410914,51.9305678064861
2020,YR2020,"Yemen, Rep.",YEM,..,..,..,..,..,..
2020,YR2020,Zambia,ZMB,18137764930.651,37.3081978875597,14.6896417176015,32.2448509806584,46.7201864691576,32.4866629404379
2020,YR2020,Zimbabwe,ZWE,26868564055.12,80.7133095577979,8.86785549176631,13.1460745629256,22.2930711995675,25.0203108120573
2020,YR2020,World,WLD,86116567565730.4,55.2567684507473,17.8518370636828,26.3554524853772,26.0885370199521,25.3952245406833
2021,YR2021,Afghanistan,AFG,14259995441.0759,88.4783227246134,21.2623843883974,13,14.342152797537,37.06956357719
2021,YR2021,Albania,ALB,18032009220.4405,71.6946126705388,12.8352254087666,28.79440672883,31.1330223351483,44.4572993931639
2021,YR2021,Algeria,DZA,186231205262.082,42.3738906284948,18.4286289389909,39.1458051112848,23.4443672905951,23.3926919693657
2021,YR2021,American Samoa,ASM,750000000,80.2666666666667,..,..,44.2666666666667,92.5333333333333
2021,YR2021,Andorra,AND,3324647529.381,..,..,..,..,..
2021,YR2021,Angola,AGO,66505129987.7235,44.8531300935126,7.68345467585382,26.4373618826197,47.7452759675607,26.7192226195468
2021,YR2021,Antigua and Barbuda,ATG,1602125925.92593,..,..,..,46.9612135727066,54.1137470120719
2021,YR2021,Argentina,ARG,486564085480.036,62.9531640399486,15.9158179423023,18.0762892471421,18.0667091690365,15.0119803984295
2021,YR2021,Armenia,ARM,13878908628.9378,71.2432823594594,13.649850256969,22.9638762261581,35.9064399901267,43.7634488327132
2021,YR2021,Aruba,ABW,2929446578.25104,60.9156032785997,22.8317058472403,21.7881811953944,70.7400436346823,76.275533480478
2021,YR2021,Australia,AUS,1556735770437.26,50.8291215645439,22.4227187171293,22.9372400904775,22.0566759771447,18.2458042920249
2021,YR2021,Austria,AUT,480467037338.783,49.6708009735046,21.7317656146414,27.6732436856584,55.9533597032853,55.0789090346153
2021,YR2021,Azerbaijan,AZE,54825411764.7059,52.3633308727597,13.867442319577,17.0785981597198,46.4887471674792,29.7981185195358
2021,YR2021,"Bahamas, The",BHS,12037000000,66.6827282545485,17.3440225969926,24.4404752014622,27.9712552961701,37.9612860347263
2021,YR2021,Bahrain,BHR,40840212765.9574,37.9501700972654,15.2083548234166,28.0921527834978,86.2742186726683,67.5250978124398
2021,YR2021,Bangladesh,BGD,416271647911.014,68.7754335127158,5.88274868783073,31.0187387357172,10.6627789004134,17.0612258032497
2021,YR2021,Barbados,BRB,5275242050,..,..,..,..,..
2021,YR2021,Belarus,BLR,69673747131.87,50.8713866541534,16.8160720040254,24.3807348526394,70.8317550415821,65.1824128358935
2021,YR2021,Belgium,BEL,598522422241.851,48.9732973524999,23.8396339313803,24.4420085715325,89.6253551052155,87.7565373348573
2021,YR2021,Belize,BLZ,2420550000,62.8782714672285,16.6904215983971,21.8545371919605,47.7370845469005,51.5791865485117
2021,YR2021,Benin,BEN,17687623534.6665,67.290665629425,10.075964534303,28.8506183177663,20.9188061754733,27.1360546569676
2021,YR2021,Bermuda,BMU,7290037000,47.1589376021,12.318359975402,12.902924909709,47.9001272558699,23.5080425517731
2021,YR2021,Bhutan,BTN,2768802960.11204,52.1241457330209,22.6722251193985,44.3885960336557,29.1987406924537,48.3837075785288
2021,YR2021,Bolivia,BOL,40406111693.1983,67.2429761290163,19.3369845837374,16.7907440667662,27.8253459097756,31.1960506534797
2021,YR2021,Bosnia and Herzegovina,BIH,23672712242.2149,68.1169423516807,19.4015205743907,26.0821780084725,42.5733214368127,53.912587140962
2021,YR2021,Botswana,BWA,18750182234.5317,43.3050244548433,31.530526366571,27.3637239053257,41.9125521638064,46.8461974307709
2021,YR2021,Brazil,BRA,1670647398904.9,61.3679966408605,18.5475883605677,19.5218850206383,19.1094303688709,18.5469003909373
2021,YR2021,British Virgin Islands,VGB,..,..,..,..,..,..
2021,YR2021,Brunei Darussalam,BRN,14006496614.3195,24.8518568314762,22.467059107604,31.2725676466356,80.1689108263479,66.9542015818087
2021,YR2021,Bulgaria,BGR,84414122840.1687,57.9346532985073,18.8851860438699,20.6962006537931,61.8206573108003,59.3366973069706
2021,YR2021,Burkina Faso,BFA,19697516284.3787,61.0703297253031,20.2479804523801,15.5079014507343,32.797073516181,29.6232851445985
2021,YR2021,Burundi,BDI,2775798697.46022,74.9329899999585,30.7724699997721,13.1126199999271,5.00028999994313,23.8183699996008
2021,YR2021,Cabo Verde,CPV,2051842618.70539,75.4180651911053,26.5876325060221,27.7497642140942,23.8497983576563,53.6052602688779
2021,YR2021,Cambodia,KHM,36790163687.4421,62.809739776495,6.56578640454773,30.3788112661952,72.3610346435508,73.8188118661646
2021,YR2021,Cameroon,CMR,45011937346.8384,73.5429979367401,12.0432363133751,18.1266921736343,16.5088840367781,20.2219506820777
2021,YR2021,Canada,CAN,2022378748423.23,53.8181822483826,21.2842897783513,24.3050554969726,31.1750782983294,31.0717584176126
2021,YR2021,Cayman Islands,CYM,6060026520.10608,..,..,..,..,..
2021,YR2021,Central African Republic,CAF,2516498412.46384,92.8403899983936,9.14075000341498,25.3641399970476,13.2274599967551,30.9316599983489
2021,YR2021,Chad,TCD,16871937697.5854,62.0957209630134,9.33553170706264,19.9485528388339,26.2833492963398,17.6631548052497
2021,YR2021,Channel Islands,CHI,11157003025.7186,..,..,..,..,..
2021,YR2021,Chile,CHL,315325547162.072,62.0483859003883,14.7373122384899,24.1061176490995,31.9927952679237,32.8846110558597
2021,YR2021,China,CHN,18201698719564,38.3739712034949,16.3512045683208,42.6822612949312,19.5262422245007,16.9944489517557
2021,YR2021,Colombia,COL,318524633225.395,72.7018515319872,16.04633106217,18.9169518896828,16.1970059548864,23.8621404387264
2021,YR2021,Comoros,COM,1299039311.76025,98.6047751150658,10.1267158082921,13.5021643659675,9.91703418014113,32.1506894694666
2021,YR2021,"Congo, Dem. Rep.",COD,55328482783.5393,63.9265324070295,8.26179625751041,27.5213236257768,40.385829565187,40.0954818555036
2021,YR2021,"Congo, Rep.",COG,14825690210.9157,43.0256407137557,14.8705070974177,21.9769014632722,52.8365708586233,32.7096322965954
2021,YR2021,Costa Rica,CRI,64960725734.2362,63.316345385607,16.5307979779086,18.5817848853842,36.1763570268875,34.6052852757875
2021,YR2021,Cote d'Ivoire,CIV,72794636649.4342,66.983520566215,9.96265946726249,23.5753170688856,22.2962678369402,22.8177649393033
2021,YR2021,Croatia,HRV,69006802298.6956,57.8848099884624,23.0666648716537,21.7975453802865,49.7797053734111,52.5287254424248
2021,YR2021,Cuba,CUB,..,52.5993002063945,33.8264022512834,23.810957050383,34.8936269333784,45.1302762253404
2021,YR2021,Curacao,CUW,2739594359.5908,..,..,..,..,..
2021,YR2021,Cyprus,CYP,30372642502.4897,56.8824270916768,18.7839611599537,19.6456822415145,90.7578331633624,86.0699036565075
2021,YR2021,Czechia,CZE,290972714482.313,43.9412596082124,20.7709874590881,28.1285338444502,70.550045142844,66.8280711600245
2021,YR2021,Denmark,DNK,408378204639.999,45.0194140711319,23.8455501887973,23.6020021691337,58.8254237804554,52.5886199023436
2021,YR2021,Djibouti,DJI,3392796953.08939,75.5535441580734,18.1462403988085,-15.6784437711797,142.728193974095,120.749534759797
2021,YR2021,Dominica,DMA,562911111.111111,..,..,..,..,..
2021,YR2021,Dominican Republic,DOM,94850719516.7127,68.1415201245294,10.4769394644063,30.2749635460096,21.5282997986043,30.4217229317071
2021,YR2021,Ecuador,ECU,107179074000,63.9383243785069,14.4433893877456,20.7476106763154,27.0659755840025,26.1953000265705
2021,YR2021,"Egypt, Arab Rep.",EGY,424671765455.704,82.9643859464814,7.55804355330102,18.2122435502994,10.5611502153652,19.295823265447
2021,YR2021,El Salvador,SLV,29043140000,81.5804351733318,19.3467717333594,23.3549127263788,28.7814953892726,53.0635805908039
2021,YR2021,Equatorial Guinea,GNQ,12215878032.7166,52.9759390300282,25.4888078033074,8.24679554193157,45.1275510492817,31.839097550571
2021,YR2021,Eritrea,ERI,..,..,..,..,..,..
2021,YR2021,Estonia,EST,37204563051.4723,49.3492260994957,19.8156868080864,30.4701833404119,79.5461917889741,80.8484898385821
2021,YR2021,Ethiopia,ETH,111261888668.864,72.2205187530105,8.83582491858562,28.0252954109363,7.63170919111601,16.7133482736483
2021,YR2021,Faroe Islands,FRO,3664686796.62669,42.3384244128766,28.8268815944237,28.3577036757334,52.4750111760697,51.9980208591034
2021,YR2021,Fiji,FJI,4305031649.74189,81.8804765094237,23.6071786886556,21.7308968629012,27.2533282681227,54.4718803291032
2021,YR2021,Finland,FIN,294223210496.119,51.6557862070074,24.7953884002508,24.7881526265858,39.9217732469328,39.8675049444453
2021,YR2021,France,FRA,2966433692008.09,52.4496149937744,24.3515984176563,23.4474845782806,31.2880499332105,32.5004326976615
2021,YR2021,French Polynesia,PYF,6150640646.38319,70.9614200664649,32.9101112368206,21.4512037493674,13.1028013886068,38.5348070358659
2021,YR2021,Gabon,GAB,19444935097.2333,34.1962565964728,11.8172640051926,17.4565506185946,60.9391204926094,24.4091917128693
2021,YR2021,"Gambia, The",GMB,2014158842.14596,90.8870948243285,9.75803714271528,30.3707902499395,6.61733476020691,35.4806480369685
2021,YR2021,Georgia,GEO,18853115588.8106,81.4469063302813,14.1266594756604,20.6788502074962,42.6743612080891,58.9265463408208
2021,YR2021,Germany,DEU,4348297440387.53,48.5654678685475,21.6742192217514,22.4613894888017,42.6575836538409,37.4990343972191
2021,YR2021,Ghana,GHA,79514204730.3979,77.5552609916432,8.00565308777829,17.0366779158262,30.0551194696231,32.6527114432115
2021,YR2021,Gibraltar,GIB,..,..,..,..,..,..
2021,YR2021,Greece,GRC,218303801895.326,67.0716816185717,21.4974385558012,17.48296657419,40.2604118004654,47.7522509396405
2021,YR2021,Greenland,GRL,3293578467.57327,34.2066247808723,44.2577666597447,37.1090109189602,34.0554688971416,49.6283883305726
2021,YR2021,Grenada,GRD,1122800000,..,..,..,..,..
2021,YR2021,Guam,GUM,6234000000,61.4051973051011,..,..,3.09592556945781,58.7423804940648
2021,YR2021,Guatemala,GTM,86455519686.8841,86.0132255771633,11.2203671237721,16.7682431892058,17.62965752791,31.6314934180513
2021,YR2021,Guinea,GIN,17069115737.8259,69.1999651303468,17.4820305537183,16.0762705485493,56.2186332783709,58.9768995109853
2021,YR2021,Guinea-Bissau,GNB,1878659686.58993,71.5709980444316,18.7024428218539,19.6119887543321,17.8126775343246,27.6981071549422
2021,YR2021,Guyana,GUY,8041362110.31175,..,..,..,..,..
2021,YR2021,Haiti,HTI,20877414952.6375,97.6322560859564,7.47295579775888,18.1059819549396,7.13755100307535,30.0278507648695
2021,YR2021,Honduras,HND,28144331506.6149,84.7368828287195,15.6740308613565,24.2309330499915,39.3653983599255,64.0072450999929
2021,YR2021,"Hong Kong SAR, China",HKG,368954169748.818,64.9770412761905,12.6776298103225,16.776482902733,204.014263732608,198.445417721854
2021,YR2021,Hungary,HUN,183282685440.486,47.9601053022125,20.7647214478007,30.9304947154331,79.4207035628535,79.3090792291051
2021,YR2021,Iceland,ISL,25770339317.3897,51.5507392176114,27.3969214288362,22.9973417360811,37.3532587670256,39.2995088631018
2021,YR2021,India,IND,3167270623260.47,60.9503796335733,10.4763782400684,32.1158221755014,21.3991583305515,24.0239304534931
2021,YR2021,Indonesia,IDN,1186509691086.73,55.6288131852593,9.24694161503832,31.4488724858485,21.4165556390653,18.7882026359018
2021,YR2021,"Iran, Islamic Rep.",IRN,383436202446.695,43.1441369239907,14.2335765896255,39.4525900345751,22.8392319889567,21.5346020619098
2021,YR2021,Iraq,IRQ,209691945713.103,40.3433860623495,17.7173083564783,21.4281806177489,37.3216528340457,24.1816154776761
2021,YR2021,Ireland,IRL,531306516907.984,23.6226821885586,11.685370111011,23.1108973888954,133.055063604002,91.363772250722
2021,YR2021,Isle of Man,IMN,7931193222.06405,..,..,..,..,..
2021,YR2021,Israel,ISR,489851549972.347,49.0081009049981,22.1207775122752,25.8836407282582,28.8234046153015,26.0782795853972
2021,YR2021,Italy,ITA,2179207773596.09,56.0602741676913,19.1946040488087,22.0011382315208,31.1716088630092,29.1303687572707
2021,YR2021,Jamaica,JAM,14657586159.4316,..,..,..,..,..
2021,YR2021,Japan,JPN,5039148168861.22,53.4885112742857,21.2457665716874,25.824730869587,18.1091919388618,18.629254289208
2021,YR2021,Jordan,JOR,46296100140.8451,78.8555453752195,15.8410812024988,25.1777968181063,29.958414256479,50.3744556879614
2021,YR2021,Kazakhstan,KAZ,197112255360.612,51.6402830303106,11.2703470377122,26.5334355873452,33.6448621241624,25.0237464537583
2021,YR2021,Kenya,KEN,109703658904.994,75.4961521200047,12.1468578016243,20.3912447822361,10.7695743362259,20.0547288409003
2021,YR2021,Kiribati,KIR,285259893.983064,95.2801154090203,53.5672353738279,17.7209528526396,3.76704602532415,70.7512035527421
2021,YR2021,"Korea, Dem. People's Rep.",PRK,..,..,..,..,..,..
2021,YR2021,"Korea, Rep.",KOR,1818432106880.04,45.9579987198337,18.1598006151817,32.3271937750171,41.8772295047804,38.3222274220465
2021,YR2021,Kosovo,XKX,9413403724.01899,82.9965537282252,12.8723308672227,35.9511804344753,33.4091827278011,65.2292477577243
2021,YR2021,Kuwait,KWT,148350671614.185,38.6900395101345,25.391246550562,14.5409220014167,51.7256926150188,30.2746824934538
2021,YR2021,Kyrgyz Republic,KGZ,9249133946.26531,85.5235897663205,16.6329417875076,26.4936655518147,35.8055898779632,64.455786983606
2021,YR2021,Lao PDR,LAO,18827148530.9347,..,..,..,..,..
2021,YR2021,Latvia,LVA,38183326784.9335,58.9884598082523,21.7309999551168,25.7228281732445,66.8112769573847,69.985338457434
2021,YR2021,Lebanon,LBN,23131941556.7843,119.057743621409,2.36013682064937,5.35948434334897,26.0256276927137,52.8029927098104
2021,YR2021,Lesotho,LSO,2412130021.64641,83.7359088606966,34.6882565674606,28.4701352359002,46.1460898214545,93.0403896439522
2021,YR2021,Liberia,LBR,3513049500,..,..,..,..,..
2021,YR2021,Libya,LBY,35217995647.2862,32.8507003629182,34.6344715672153,12.160907547063,92.0546075514658,72.2294624156388
2021,YR2021,Liechtenstein,LIE,7912602342.18895,..,..,..,..,..
2021,YR2021,Lithuania,LTU,67037321008.9679,57.3699574990408,17.497494956833,21.8350067084027,79.6299385130419,75.1767891629276
2021,YR2021,Luxembourg,LUX,86386759695.1653,30.1020027533321,17.3096066828169,18.6878759943301,215.618162988769,181.888017879203
2021,YR2021,"Macao SAR, China",MAC,30969334705.0515,41.8419205730742,21.1538926937877,22.8160822180812,90.9384251752539,76.750320660197
2021,YR2021,North Macedonia,MKD,14000283827.0154,67.7820808971204,15.8306657801479,32.2207980039619,65.4438648561578,81.2775466279157
2021,YR2021,Madagascar,MDG,14354731964.331,75.1898050738971,17.4535706647451,16.3892313120588,23.0916321001682,32.1242264925236
2021,YR2021,Malawi,MWI,12378129750.9872,..,..,..,..,..
2021,YR2021,Malaysia,MYS,373784823672.946,58.007293869846,12.6368812579757,22.1257083996672,70.6330555493337,63.4029391413929
2021,YR2021,Maldives,MDV,5252457369.55218,46.5405553387143,18.6831087463756,25.1856622862565,76.0989851624572,66.5083115338037
2021,YR2021,Mali,MLI,22999245262.6719,73.6683778708238,12.5434586605531,23.633670532525,23.4347727463223,33.2802798102242
2021,YR2021,Malta,MLT,19723563354.6779,41.2888955323736,18.3429579318526,23.972320237217,118.567245090238,102.171456336309
2021,YR2021,Marshall Islands,MHL,258900000,65.9096562379297,60.9230977211279,19.8671301660873,46.3949787562766,71.2273464658169
2021,YR2021,Mauritania,MRT,9222536364.01272,53.0093019927516,14.9695395666927,40.6159856690742,39.8560232643025,48.450850492821
2021,YR2021,Mauritius,MUS,11484348857.8529,73.1023147113555,17.2322042075408,19.7931525646033,38.460799445288,53.7982945111496
2021,YR2021,Mexico,MEX,1316569466735.28,68.3257391796017,11.4047335554869,21.7074939335623,40.5691931994994,42.5001044331777
2021,YR2021,"Micronesia, Fed. Sts.",FSM,391601946.963072,..,..,..,20.01828658104,67.2298240705189
2021,YR2021,Moldova,MDA,13691869264.0794,83.5549113259395,16.7622739221644,26.8561258664432,30.6487877126898,57.8220988272368
2021,YR2021,Monaco,MCO,8623242743.29564,..,..,..,..,..
2021,YR2021,Mongolia,MNG,15286441737.6686,53.002578410745,14.9127365231555,36.7190295728399,58.5488639540916,60.5492144836795
2021,YR2021,Montenegro,MNE,5861427505.12493,72.9970196459578,19.7093670460994,26.6549158485896,42.8343554419311,62.1956378014157
2021,YR2021,Morocco,MAR,142022058447.231,59.6010537670291,18.9738383456202,30.6763551818437,33.1360849405787,42.3873322350718
2021,YR2021,Mozambique,MOZ,16168055475.4449,72.2787396822982,18.7299195994103,40.369313777893,40.3504985242732,71.7284659340598
2021,YR2021,Myanmar,MMR,66345291160.1683,..,..,..,..,..
2021,YR2021,Namibia,NAM,12402486183.6396,77.0659110976081,25.052912407333,17.5126568387859,31.9564108832988,51.5878922090636
2021,YR2021,Nauru,NRU,175513984.500084,..,..,..,30.7962747704196,79.9218704677931
2021,YR2021,Nepal,NPL,36924841394.2605,85.3731419864435,8.25401086967028,35.1635974644693,5.11917148492798,37.934633306985
2021,YR2021,Netherlands,NLD,1054472123449.6,40.4811844540407,25.1515899276541,22.1938197521171,86.4500028041052,76.7048398855925
2021,YR2021,New Caledonia,NCL,10071349663.8484,..,..,..,..,..
2021,YR2021,New Zealand,NZL,253977931814.967,57.5407854648345,21.0705871213176,25.1120938859399,22.3098859845046,26.23136178058
2021,YR2021,Nicaragua,NIC,14209020361.8508,74.1413135013795,15.4655261086513,23.7920651013382,46.4042430642905,59.8031477556493
2021,YR2021,Niger,NER,14915002436.069,72.0443327996095,17.3385320753636,27.5604161245789,9.99372066917064,27.0221728812007
2021,YR2021,Nigeria,NGA,440833635873.827,..,..,..,..,..
2021,YR2021,Northern Mariana Islands,MNP,914000000,78.4463894967177,..,..,6.01750547045952,72.8665207877462
2021,YR2021,Norway,NOR,503367986030.268,37.6127186118372,22.4493406578412,25.0880506650083,43.0363019206366,28.1864118553233
2021,YR2021,Oman,OMN,87323797139.1417,39.2869907076483,22.1420061949011,27.8559089826066,53.329759351918,42.6197283774124
2021,YR2021,Pakistan,PAK,348516647445.148,83.4629608070918,10.9295676776143,14.5346921502849,9.05159988878188,17.9788205237729
2021,YR2021,Palau,PLW,235752900,84.8154572011627,41.9730149660937,37.0171904566179,6.77073325503101,73.9590902169178
2021,YR2021,Panama,PAN,67396392500,51.8774127265046,13.7437086117035,31.2989342864308,41.6067039493249,38.5267595739638
2021,YR2021,Papua New Guinea,PNG,26109413521.3117,..,..,..,..,..
2021,YR2021,Paraguay,PRY,39950899938.7482,62.7563289389234,12.013631687471,23.9981273744231,35.4870925101591,34.2551805109766
2021,YR2021,Peru,PER,226328766459.634,60.8908766101054,13.7498135562536,22.3148400113403,29.2358595939113,26.1913897716107
2021,YR2021,Philippines,PHL,394087359848.11,75.2606081244155,15.5791947083897,21.1407371483135,25.7520349160187,37.7325748976525
2021,YR2021,Poland,POL,689170171187.004,56.4645063456268,18.523151073936,21.8106734577786,57.0379760723016,53.836306949643
2021,YR2021,Portugal,PRT,256055879091.139,63.3719537716898,18.6558096632307,20.9347674224953,41.5484271843512,44.3251180305463
2021,YR2021,Puerto Rico (US),PRI,106426600000,75.0305844591484,7.35286103286208,11.3679286945181,54.4132763801531,42.3330257661149
2021,YR2021,Qatar,QAT,179732009560.44,21.8766176231952,16.6489447943261,36.8015620866184,58.7260170336864,34.0531415378261
2021,YR2021,Romania,ROU,286578196368.297,61.5430474329623,17.8253216010134,26.2841730432192,40.4804036753635,46.1329457525584
2021,YR2021,Russian Federation,RUS,1829186719575.1,50.3201769531677,17.2518644108863,23.0093392226061,30.0024195364041,20.5837759257711
2021,YR2021,Rwanda,RWA,11078787095.1791,71.6101648997891,16.9437619532634,26.7349156072212,19.502494693488,34.7913371528487
2021,YR2021,Samoa,WSM,843923638.733018,80.9888380179081,16.9329103819423,34.8951307273989,11.6856900452437,49.2031956067828
2021,YR2021,San Marino,SMR,1855395999.76534,33.1343240416943,18.4723388977779,22.2349479785745,184.314281544957,158.155892463004
2021,YR2021,Sao Tome and Principe,STP,524402455.54816,..,..,..,..,..
2021,YR2021,Saudi Arabia,SAU,982661066666.667,44.5563733199022,21.6735834858218,26.3426467287873,29.1556614026837,21.728264937195
2021,YR2021,Senegal,SEN,27520784129.7508,66.5813037694025,15.1624726863083,38.3530133013182,24.6396021156771,44.7363918727061
2021,YR2021,Serbia,SRB,66159884072.5308,63.9515655660624,18.7648402743056,24.9450929619478,52.3404005216526,60.0018978032927
2021,YR2021,Seychelles,SYC,1487173794.80528,80.9302329814135,25.8451233580434,16.4677161262206,80.2638714731898,103.50694354147
2021,YR2021,Sierra Leone,SLE,7173379137.26091,87.5970165753448,8.06446285016589,14.0868779884067,15.5336648013703,26.5719714712586
2021,YR2021,Singapore,SGP,436591382250.464,28.718081960525,10.6408439406424,24.0192234940025,182.710806574886,146.450577108876
2021,YR2021,Sint Maarten (Dutch part),SXM,1353071061.45251,..,..,..,..,..
2021,YR2021,Slovak Republic,SVK,120560912620.599,55.8516727736684,20.7880143872167,22.7804340563256,90.7244950619543,91.180170374728
2021,YR2021,Slovenia,SVN,61529280461.092,51.9326929276146,20.8504561648018,21.8553531475504,83.9773432516293,78.1053851047869
2021,YR2021,Solomon Islands,SLB,1522794913.0914,63.8131532032515,26.5787278585565,16.9501643741515,27.1748908261232,39.464516445593
2021,YR2021,Somalia,SOM,9483997390.00062,121.6720446609,7.13276292879149,17.9813714604872,16.1535261662477,62.9397052164268
2021,YR2021,South Africa,ZAF,420886877628.703,61.8528123388384,19.1782663776178,12.7964275954655,31.1035988061883,24.9311150310516
2021,YR2021,South Sudan,SSD,..,..,..,..,..,..
2021,YR2021,Spain,ESP,1461244901852.69,55.6169534931532,21.0051364901244,21.8740337716536,33.7570843255301,32.7675046176609
2021,YR2021,Sri Lanka,LKA,88556698937.7033,61.2014380357322,9.45146674010959,36.7330983742473,16.9214215895555,24.3074247396444
2021,YR2021,St. Kitts and Nevis,KNA,858622222.222222,..,..,..,..,..
2021,YR2021,St. Lucia,LCA,1867185185.18518,..,..,..,..,..
2021,YR2021,St. Martin (French part),MAF,649206156.194207,..,..,..,..,..
2021,YR2021,St. Vincent and the Grenadines,VCT,888677777.777778,..,..,..,..,..
2021,YR2021,Sudan,SDN,34229513774.9936,85.2061525750094,10.9562837482065,3.46580920270714,2.2498704277993,1.87767821048496
2021,YR2021,Suriname,SUR,3107923197.96954,..,..,..,..,..
2021,YR2021,Eswatini,SWZ,4785708165.93031,59.2484519713109,21.7904289797425,19.6705186750535,44.81169934154,45.5210988263026
2021,YR2021,Sweden,SWE,637186904843.636,43.9107310028626,25.7524415924533,25.2564742548596,47.2996459572001,42.9783402221752
2021,YR2021,Switzerland,CHE,815309330986.719,49.516903401853,11.9159806875632,26.1555657203382,71.1192329157335,58.8970283727557
2021,YR2021,Syrian Arab Republic,SYR,14353205678.4991,80.479107944092,6.83495852711064,..,15.5129705735088,45.7075145220061
2021,YR2021,Tajikistan,TJK,8937805347.13963,80.3688896407961,10.8842527872508,34.8738527231408,24.1819298886089,47.6440075467741
2021,YR2021,Tanzania,TZA,70655628147.8986,54.0374778013064,8.00508198452759,39.6866788606001,14.1200223265815,15.7951616808233
2021,YR2021,Thailand,THA,506194668789.937,52.2396812085823,18.2351747744466,28.6690364408067,58.5593891849287,58.6935554359232
2021,YR2021,Timor-Leste,TLS,3624889673.07263,30.2412707383394,28.1955064065069,14.4003527577028,63.5151468775163,36.3522760372188
2021,YR2021,Togo,TGO,8342243645.94438,77.7037762401022,12.7582397865989,19.8641167480539,23.6295484465081,33.9554650531882
2021,YR2021,Tonga,TON,518228028.701685,89.6133299742461,28.5888512751684,35.8138481704975,11.0825398562652,55.0917534012029
2021,YR2021,Trinidad and Tobago,TTO,24177305760.2763,..,..,20.0744548175538,..,..
2021,YR2021,Tunisia,TUN,47073234359.1819,73.4207257462488,20.806631363051,15.8630608934156,41.7675830098689,51.8713805051671
2021,YR2021,Turkiye,TUR,819865223976.115,55.2451701673466,12.945413768371,31.4044678140387,35.7436961064769,35.338747854855
2021,YR2021,Turkmenistan,TKM,50007428571.4286,..,11.8853198953298,..,20.560545290414,12.4975717893342
2021,YR2021,Turks and Caicos Islands,TCA,1236459000,..,..,..,..,..
2021,YR2021,Tuvalu,TUV,60196405.7138393,..,..,..,..,..
2021,YR2021,Uganda,UGA,40529788744.0595,72.1247087491034,9.93159612659213,24.0863683469285,15.7810081695276,25.9326225729506
2021,YR2021,Ukraine,UKR,199765859570.935,69.1116558172864,17.7421719075322,14.4674526848937,40.6883404768688,42.0096208865812
2021,YR2021,United Arab Emirates,ARE,415178792756.978,40.8648511706433,14.6108935200217,25.8270196988707,102.403084111353,83.7058484943304
2021,YR2021,United Kingdom,GBR,3143323050707.26,59.9166885446749,22.259385665529,18.0269099501181,29.1802747877833,29.4042618360024
2021,YR2021,United States,USA,23681171000000,68.0453893095067,14.2530325041781,21.3332820408248,10.7909781995156,14.422677831261
2021,YR2021,Uruguay,URY,60739084240.8633,..,..,18.1967631399395,32.944605201732,25.3704358213017
2021,YR2021,Uzbekistan,UZB,77340060003.0347,65.9115134772964,14.9259640726969,37.6931748383509,21.3073855956297,36.1515861016925
2021,YR2021,Vanuatu,VUT,982362211.918412,71.8587823887204,24.0378713193579,45.0949573110619,9.24275962128681,48.7583936310709
2021,YR2021,"Venezuela, RB",VEN,..,..,..,..,..,..
2021,YR2021,Viet Nam,VNM,366474752771.009,55.5190265024291,9.58508554643739,32.8956023366901,93.8502071275575,92.8256257092568
2021,YR2021,Virgin Islands (U.S.),VIR,4507000000,65.4981140448192,33.9028178389172,..,90.281783891724,90.0155313956068
2021,YR2021,West Bank and Gaza,PSE,18109000000,88.5101330829974,23.7992158595174,25.4514329891214,17.3411011099453,55.7424485062676
2021,YR2021,"Yemen, Rep.",YEM,..,..,..,..,..,..
2021,YR2021,Zambia,ZMB,22096416932.0089,35.9969558637374,11.5310478017208,31.3669178305336,52.2160900183192,33.9924211751453
2021,YR2021,Zimbabwe,ZWE,27240507841.6729,74.8736826999661,14.9159064860322,15.5070582905069,22.7752379239533,28.0718854004586
2021,YR2021,World,WLD,98365745535038.4,54.8044856383889,17.0427357468218,27.1254334938178,28.6011345749567,27.5993156640976
2022,YR2022,Afghanistan,AFG,14497243872.1337,97.6114990872194,21.8454919236646,16.7,18.3800424016375,54.5054272070161
2022,YR2022,Albania,ALB,19017244116.7203,71.3571930537784,12.0411716018624,26.9055628314758,37.1970818190154,47.5009752834284
2022,YR2022,Algeria,DZA,225638456572.143,37.9593899747646,16.5359089102657,35.0891197613498,30.8089785470304,20.3933971934105
2022,YR2022,American Samoa,ASM,871000000,71.2973593570609,..,..,46.9575200918485,77.7267508610792
2022,YR2022,Andorra,AND,3380612573.32922,..,..,..,..,..
2022,YR2022,Angola,AGO,104399746853.401,46.5555022118276,8.09626587411972,26.256018224438,44.391642097512,25.2994284078973
2022,YR2022,Antigua and Barbuda,ATG,1866566666.66667,..,..,..,54.7237649635992,62.9797628047534
2022,YR2022,Argentina,ARG,632790070063.124,65.4144793169649,15.8356571842994,17.2797984562396,16.248014443903,15.2996935612041
2022,YR2022,Armenia,ARM,19513506553.1251,66.9057161005981,11.6764818949578,22.3786193446026,50.2249804603907,51.1857978005492
2022,YR2022,Aruba,ABW,3279343543.60416,55.6183241412743,21.2077650789821,20.9175227007079,87.5702803628607,85.3138913136662
2022,YR2022,Australia,AUS,1690858246994.43,48.9119776649563,22.0784275525044,23.7681889552934,25.5315880289865,20.2901822017406
2022,YR2022,Austria,AUT,471773629830.381,51.116574636388,20.5524888096447,29.226770327444,61.9626734104832,62.4207780743465
2022,YR2022,Azerbaijan,AZE,78807470588.2353,43.3627149411783,11.6421479898517,12.0037141895326,59.9868480668076,26.9954251873703
2022,YR2022,"Bahamas, The",BHS,13896800000,62.1344482182949,13.1735363536929,23.8155546600656,37.1589142824247,38.8240458234989
2022,YR2022,Bahrain,BHR,46458191489.3617,36.9365501354455,13.6922335799518,24.5901868987674,95.9613654006004,71.1798757519344
2022,YR2022,Bangladesh,BGD,460131689083.083,69.0766062753121,5.69899955596024,32.047275580905,12.8822264348985,20.897740835675
2022,YR2022,Barbados,BRB,6257303500,..,..,..,..,..
2022,YR2022,Belarus,BLR,73775179924.603,53.4308690468202,17.2288777285138,21.5979064833979,63.0511868938428,56.973020682251
2022,YR2022,Belgium,BEL,593614574325.878,49.8254866638106,23.4860801776799,26.9253632848776,95.2395955015917,96.6998485924956
2022,YR2022,Belize,BLZ,2846700000,63.9863701830189,15.8077774264938,22.4821723399023,53.2722099272842,55.2569642041662
2022,YR2022,Benin,BEN,17425405083.8797,61.544981344143,10.0575798056106,31.1483716430973,20.8153300474458,23.5662628402967
2022,YR2022,Bermuda,BMU,7874381000,47.0420976582159,11.9364049059856,12.536566366296,50.2988488872967,24.898376139026
2022,YR2022,Bhutan,BTN,2898227743.75576,57.7773759475201,21.0173313155104,55.7788292981126,25.4988399587876,60.0723765638263
2022,YR2022,Bolivia,BOL,44008282879.8842,66.826007050172,19.0899160451984,16.6168659671801,32.6115548527874,35.1443439153378
2022,YR2022,Bosnia and Herzegovina,BIH,24534663636.1778,67.4535661826714,18.661917599169,27.423549920209,48.307102350834,61.8988653103961
2022,YR2022,Botswana,BWA,20321150598.0672,40.5800439178695,27.8884041780311,26.7915178682867,43.5436117786863,42.0680959802285
2022,YR2022,Brazil,BRA,1951923942083.32,63.0641028051756,18.4022127200534,18.0882204442366,19.6307650034371,19.1853009729027
2022,YR2022,British Virgin Islands,VGB,..,..,..,..,..,..
2022,YR2022,Brunei Darussalam,BRN,16681536442.5498,23.255267296571,20.1242382146034,25.8510429801435,86.3893570088471,60.5846090836886
2022,YR2022,Bulgaria,BGR,90509236929.2237,57.9202250453348,18.2789290615071,22.6868124930814,69.9770907029936,68.8630561149866
2022,YR2022,Burkina Faso,BFA,18820218690.5948,63.9858371606471,19.8707731771458,17.4975778095309,31.744842886064,33.0990310342397
2022,YR2022,Burundi,BDI,3338722827.65691,74.0107902564473,30.9754527025244,13.3868808148699,4.9710985076333,23.3442218510957
2022,YR2022,Cabo Verde,CPV,2247003344.34242,75.3811751133123,22.365022001237,21.8794313027596,38.6842542170134,58.3098826343223
2022,YR2022,Cambodia,KHM,39994532959.6074,60.0176231827008,5.8998539290284,34.5945264318735,72.2070606780988,73.6665720833071
2022,YR2022,Cameroon,CMR,44347206072.5513,73.028703636758,10.5075554912877,19.1070783023643,19.321813317909,21.9647892415588
2022,YR2022,Canada,CAN,2190411080134.32,53.0789493991456,20.4184233971953,25.3186668256785,33.9431906669379,33.374430889461
2022,YR2022,Cayman Islands,CYM,6600843963.37585,..,..,..,..,..
2022,YR2022,Central African Republic,CAF,2382618615.01694,97.3649999975518,8.33527999723824,24.3266600012173,12.3004999986493,32.9330700029707
2022,YR2022,Chad,TCD,17828508289.6049,57.7409975356778,8.8051701758117,17.971522488907,31.7353441144244,16.2530343175185
2022,YR2022,Channel Islands,CHI,11308300382.1028,..,..,..,..,..
2022,YR2022,Chile,CHL,301226575540.242,63.464988082279,14.7249541091785,25.7984190064455,35.6066282723137,39.5949894702167
2022,YR2022,China,CHN,18316765021690.2,37.7771550661597,16.6626986358672,42.3554333470499,20.297731691419,17.1429881849395
2022,YR2022,Colombia,COL,345632492851.448,73.7136482812956,14.0050262426423,19.7872446007318,20.3883679938331,27.8942871185028
2022,YR2022,Comoros,COM,1279542248.45017,101.551234396486,9.60868677879227,13.3347942895571,12.9470275117016,37.4417429765366
2022,YR2022,"Congo, Dem. Rep.",COD,65801547755.6552,61.9022601646252,9.36466893563906,31.465838039449,45.4979498732673,48.2307170129048
2022,YR2022,"Congo, Rep.",COG,15817030156.9459,37.7210439137298,11.836792240361,20.9792068255243,63.8121468562925,34.3491898359076
2022,YR2022,Costa Rica,CRI,69243626028.6698,64.3239279286595,15.3958787283472,17.6973336495702,42.4051961143561,39.8223364209329
2022,YR2022,Cote d'Ivoire,CIV,70922824824.0069,67.3773220883026,9.46903676410753,27.4853115364793,24.2673603262295,28.5990307151189
2022,YR2022,Croatia,HRV,71198635101.9514,59.0383855489105,21.1121699218234,26.0693590928628,59.4969715136887,65.7168860772854
2022,YR2022,Cuba,CUB,..,61.8932763432861,32.6936168935686,18.2946265398607,40.4896279061686,53.3711476828839
2022,YR2022,Curacao,CUW,3075180834.72417,..,..,..,..,..
2022,YR2022,Cyprus,CYP,30935566076.6788,57.968967452125,18.1491360157532,20.2707981671201,105.621766109694,102.010660936682
2022,YR2022,Czechia,CZE,301831228325.556,44.9262624910069,19.4414735473211,31.0333010301464,72.4094281428088,71.6020659665878
2022,YR2022,Denmark,DNK,401945576107.963,43.0555626737731,21.6810844158444,24.6939180177246,70.5484698289144,60.9946813134056
2022,YR2022,Djibouti,DJI,3562814908.76149,72.7904868589377,21.5891928401356,-10.5957415251433,159.250735528808,143.034673702738
2022,YR2022,Dominica,DMA,623062962.962963,..,..,..,..,..
2022,YR2022,Dominican Republic,DOM,113478087134.8,68.6974377882183,10.9578295683435,30.6705570734763,22.0261866198241,32.3520110514603
2022,YR2022,Ecuador,ECU,116133121000,64.0886418612654,13.5357543693328,22.4059052025305,30.9252456928287,30.9555471259573
2022,YR2022,"Egypt, Arab Rep.",EGY,476747720364.742,79.6850494102646,7.26809053235575,19.8559132929551,15.0870258208479,21.8960790564233
2022,YR2022,El Salvador,SLV,31870120000,80.5515950363538,18.8109426635356,24.4715740009765,32.433483149734,56.2676262279527
2022,YR2022,Equatorial Guinea,GNQ,13687643435.6249,46.3786200806456,22.1620665334551,7.33815470437154,52.9670852025114,28.8459309342984
2022,YR2022,Eritrea,ERI,..,..,..,..,..,..
2022,YR2022,Estonia,EST,38376046174.971,50.8319076975551,19.2913086684738,28.9736561167561,86.6638366613108,87.9001575208055
2022,YR2022,Ethiopia,ETH,126772707851.339,77.4036173180894,7.36173479559612,25.3422268254436,8.24396037798902,18.3515393187423
2022,YR2022,Faroe Islands,FRO,3566698397.6602,41.5654654595162,27.335221982289,31.215405035957,62.2097192780871,62.3258117558492
2022,YR2022,Fiji,FJI,4969503549.32096,82.3850499765542,20.5088759541575,18.4752092658544,48.1741153774177,69.3324442575567
2022,YR2022,Finland,FIN,280253099309.34,52.2144776147444,24.1490221128375,27.2854002667819,46.2847802806846,48.2777537715821
2022,YR2022,France,FRA,2796302210398.84,53.0636223443617,23.8613635807316,24.1891253222165,36.5036688904078,39.2864747207143
2022,YR2022,French Polynesia,PYF,5814661208.90544,71.4745799959079,31.6907011813918,21.7636761819601,21.096822594212,46.1341436614809
2022,YR2022,Gabon,GAB,20440655695.229,30.071710408713,10.8069715659511,16.0269404879625,67.5787331931406,24.4843556565515
2022,YR2022,"Gambia, The",GMB,2204734527.12734,91.5504015610826,8.36246319747031,28.6236492170476,8.56985063519528,36.1520709170381
2022,YR2022,Georgia,GEO,24984568959.605,73.1417146582487,12.5293829261598,24.0666627779303,52.4788792204227,62.2165584682954
2022,YR2022,Germany,DEU,4163596357879.39,50.0599921595407,21.5213273138839,23.0210554269889,45.7805177232318,43.2836096462941
2022,YR2022,Ghana,GHA,73919003209.9866,78.3349913154165,6.65253432796479,15.799843045792,34.6640435533587,35.451412242532
2022,YR2022,Gibraltar,GIB,..,..,..,..,..,..
2022,YR2022,Greece,GRC,218880566444.349,68.0652905785852,19.9856875626536,19.9840681581658,49.019884781247,58.6593231211582
2022,YR2022,Greenland,GRL,3152334771.77992,32.6610300182907,41.2836674676326,37.84070939282,40.7900871498763,52.5750457267869
2022,YR2022,Grenada,GRD,1231732103.7037,..,..,..,..,..
2022,YR2022,Guam,GUM,6910000000,59.9131693198263,..,..,7.88712011577424,63.9797395079595
2022,YR2022,Guatemala,GTM,95641441234.943,88.4858155354151,11.4856910185827,16.5685328740366,18.9455010118901,35.4855404534188
2022,YR2022,Guinea,GIN,19910452541.9219,72.1929272319374,17.1208210322962,14.0142215654177,45.4186514317354,48.7466212613867
2022,YR2022,Guinea-Bissau,GNB,1839048747.87671,76.4427007806771,19.0484341108925,21.0009138597446,14.8894039340798,31.381452685394
2022,YR2022,Guyana,GUY,14718388489.2086,..,..,..,..,..
2022,YR2022,Haiti,HTI,20253551920.5516,99.2857526978171,6.90413793385249,15.8621394204196,7.23876011586942,29.2907901679586
2022,YR2022,Honduras,HND,31426041806.7985,87.2178097271961,14.2760938647873,26.3262317410881,42.4391817948962,70.2593431190701
2022,YR2022,"Hong Kong SAR, China",HKG,358679533984.718,66.3410667757458,14.3371108759121,15.2299295577844,194.486518007141,190.394625216583
2022,YR2022,Hungary,HUN,177536698164.902,49.6797795730195,20.5756817208746,34.534711211588,89.5031301401611,94.304883999461
2022,YR2022,Iceland,ISL,28696453180.1657,50.2801748186371,25.6208448771318,24.5228550018385,45.8077781441652,46.2694129872105
2022,YR2022,India,IND,3346107287730.93,61.4636343428164,10.255037910793,33.6192585388984,23.2515412045298,26.8237289453584
2022,YR2022,Indonesia,IDN,1319101183380.15,53.0450710420578,7.68965394773072,29.7453138212259,24.5029116862832,20.9617585096621
2022,YR2022,"Iran, Islamic Rep.",IRN,394362621793.035,45.2805310978502,12.7321823762365,38.0015908266913,26.8158865548081,24.7816202562159
2022,YR2022,Iraq,IRQ,287372232137.931,31.7249111241969,13.7692467945466,24.3148601227151,44.5259462145341,24.2328478795559
2022,YR2022,Ireland,IRL,548570250341.987,23.8288794152457,11.0608483578787,22.9185833312825,136.684440145681,95.445050435626
2022,YR2022,Isle of Man,IMN,7431257410.92713,..,..,..,..,..
2022,YR2022,Israel,ISR,525181008025.57,49.1902122523095,20.8858862559158,27.2821521718091,31.3853280968641,29.2595245774311
2022,YR2022,Italy,ITA,2104067630319.46,58.3667079964962,18.7892572071706,24.5977298322393,35.0991400412578,36.9173622620119
2022,YR2022,Jamaica,JAM,17097760686.7775,..,..,..,..,..
2022,YR2022,Japan,JPN,4262463317796.53,55.4967297406272,21.5663525457355,26.7755742133001,21.5464241239166,25.2665627129772
2022,YR2022,Jordan,JOR,48764963380.2817,..,..,..,42.5374671563433,61.5579922828454
2022,YR2022,Kazakhstan,KAZ,225496328925.494,49.4371300696689,10.499269785365,24.9759095791804,41.5690089041544,26.7653058374068
2022,YR2022,Kenya,KEN,114448978152.637,75.6878425683943,12.2133041039933,19.0540638513609,12.1919692160845,21.4991695109477
2022,YR2022,Kiribati,KIR,270040456.961045,101.16750728558,61.7079904687572,20.3613283973475,7.60658075917655,100.53707977747
2022,YR2022,"Korea, Dem. People's Rep.",PRK,..,..,..,..,..,..
2022,YR2022,"Korea, Rep.",KOR,1673916511799.71,48.0807821761563,18.7672078009638,33.1813562926262,48.2717642210409,48.2646450676456
2022,YR2022,Kosovo,XKX,9354903061.8898,85.7363540944995,11.7917287704535,35.2326459658665,38.6256570148792,71.3863746043466
2022,YR2022,Kuwait,KWT,183502046669.15,32.582159377176,20.7494771619391,16.9287658642541,60.4485945397978,30.4702156747961
2022,YR2022,Kyrgyz Republic,KGZ,12134931017.9465,88.6858181762607,16.7856680309648,35.6406881799816,46.3372718307792,87.4494462179864
2022,YR2022,Lao PDR,LAO,15468785203.7532,..,..,..,..,..
2022,YR2022,Latvia,LVA,38014713595.7686,64.1016297238133,20.4868935800669,24.212312160705,77.4780077659979,82.3663370930625
2022,YR2022,Lebanon,LBN,20992421948.8081,140.380223765282,3.62532508452807,1.22517144706489,34.8287792460469,80.0594990196196
2022,YR2022,Lesotho,LSO,2354980884.15271,86.7722752131685,35.2120987174779,27.3770082194087,46.5063823361123,95.8675991077489
2022,YR2022,Liberia,LBR,4001047000,..,..,..,..,..
2022,YR2022,Libya,LBY,43246297921.8499,29.2737999154464,30.8000883969407,10.5201970194858,91.9809235078212,64.3407611745263
2022,YR2022,Liechtenstein,LIE,7378156576.2354,..,..,..,..,..
2022,YR2022,Lithuania,LTU,71033884499.7824,58.3287426501136,16.744046116116,28.0753061012226,86.7798492943433,88.8717628567494
2022,YR2022,Luxembourg,LUX,80801680397.0139,30.8906514488664,17.8221100296952,17.0331766630247,222.308456163103,189.868713761072
2022,YR2022,"Macao SAR, China",MAC,24999113475.8368,48.7771732391642,27.3956840241441,23.1273217837251,84.3901737400991,83.690848762294
2022,YR2022,North Macedonia,MKD,13932436550.0883,69.5378171854858,15.0221055675641,36.0166355424196,72.785399542204,93.3619578376736
2022,YR2022,Madagascar,MDG,15325603272.6073,70.8180827196588,16.4804812291018,22.1619767688996,30.5432948746184,40.0038395384969
2022,YR2022,Malawi,MWI,12429060150.742,..,..,..,..,..
2022,YR2022,Malaysia,MYS,407605841348.235,57.6072240643696,11.5877018266733,23.6101151024123,76.8501886436659,69.6552296371211
2022,YR2022,Maldives,MDV,6177118113.94637,46.5344667262875,17.2210548687464,32.8870033142196,82.6709256667894,79.5726448524383
2022,YR2022,Mali,MLI,22374051349.9445,73.3800708141794,12.7943162828126,23.1513765659858,26.1689671523921,35.4947308146533
2022,YR2022,Malta,MLT,19239187083.5194,44.0903269611647,17.3612538438194,25.1429935584168,128.410459632562,115.004922709663
2022,YR2022,Marshall Islands,MHL,253400000,73.0378453038674,58.7395027624309,26.9933307024467,40.8176400947119,78.0176795580111
2022,YR2022,Mauritania,MRT,9557966698.25369,56.6813257474361,16.8008362049552,49.0681215273204,39.737807822992,62.2880913027036
2022,YR2022,Mauritius,MUS,12907767789.5967,70.5999112749232,15.980333192472,20.4563905726976,49.4893047706387,63.0954531028352
2022,YR2022,Mexico,MEX,1466464899303.68,70.5867963594604,11.1346118972764,22.7771985484995,42.9460448302063,45.8808899526489
2022,YR2022,"Micronesia, Fed. Sts.",FSM,415956896.458884,..,..,..,21.7488640698477,65.9524586166146
2022,YR2022,Moldova,MDA,14525337523.7271,84.8455071068063,17.5088164034295,27.3104295249444,41.2264594544499,70.8912121253156
2022,YR2022,Monaco,MCO,8800430486.17137,..,..,..,..,..
2022,YR2022,Mongolia,MNG,17146471713.748,51.860170398641,13.9186983764226,42.3321000384678,65.0613511558615,71.2665787886548
2022,YR2022,Montenegro,MNE,6229801580.79157,74.6719034277073,17.8558370349314,30.3051239884821,51.5328616489687,74.3657429805244
2022,YR2022,Morocco,MAR,130951926351.241,62.1500152567569,19.0589963008001,30.2997689691092,44.8118007632888,56.320581289955
2022,YR2022,Mozambique,MOZ,18883528581.3734,75.9231720311091,16.4981778962806,43.2043468044561,49.8269428040417,85.4526356129497
2022,YR2022,Myanmar,MMR,62253049891.6449,..,..,..,..,..
2022,YR2022,Namibia,NAM,12569449123.3661,75.3644341458758,23.0069670384326,19.9742056437663,40.4584718360428,58.8040829392834
2022,YR2022,Nauru,NRU,152190818.868952,..,..,..,53.8750427878006,113.66452687421
2022,YR2022,Nepal,NPL,41182939600.6209,85.0037266354683,8.41256130684511,37.6438482526851,6.70239086589236,42.2710106140504
2022,YR2022,Netherlands,NLD,1046540797548.64,41.3629228632952,24.1995532390171,22.8632951641142,96.4436215813729,87.6638626713087
2022,YR2022,New Caledonia,NCL,9623318718.31459,..,..,..,..,..
2022,YR2022,New Zealand,NZL,249509991440.438,57.5087097831639,20.8745105114568,26.2630138517952,24.0473873191656,29.4287754464161
2022,YR2022,Nicaragua,NIC,15634572502.2294,79.9766671138956,13.933777682316,21.7526844449914,49.8957747358309,65.5589039770339
2022,YR2022,Niger,NER,15433852714.4935,..,..,29.6208107643846,26.4030742164705,26.4030742164705
2022,YR2022,Nigeria,NGA,477403400101.174,..,..,..,..,..
2022,YR2022,Northern Mariana Islands,MNP,1096000000,66.2408759124088,..,..,22.2627737226277,70.8941605839416
2022,YR2022,Norway,NOR,596297651035.798,31.6790527664421,18.0964798823633,21.1777624084125,55.4998207714937,27.1096590646452
2022,YR2022,Oman,OMN,109852795838.752,34.2716580173491,17.6517102920565,27.3208738967385,63.2505019129513,42.4945073677033
2022,YR2022,Pakistan,PAK,374890295666.694,85.8977451204794,10.4918852190112,15.5605425943332,10.5405902721041,22.4907632059279
2022,YR2022,Palau,PLW,255591100,77.7721133482347,36.3419148788827,38.4182000077467,13.4632230934489,74.2743389734619
2022,YR2022,Panama,PAN,76276116700,48.7090107721753,12.7928789799022,35.9504100187104,48.1174394920396,45.5697392628275
2022,YR2022,Papua New Guinea,PNG,31653185952.609,..,..,..,..,..
2022,YR2022,Paraguay,PRY,41952910858.088,65.4535737476337,11.8591269614557,27.6864351426557,34.3693845850371,39.3685204368162
2022,YR2022,Peru,PER,246065570308.155,63.8719050212672,13.3949556323686,22.3663937709414,28.8318607701975,28.4651151947746
2022,YR2022,Philippines,PHL,404353369604.631,75.9253446220672,15.0436742203408,24.6858616763102,28.3874015457939,44.042282064966
2022,YR2022,Poland,POL,695607522884.822,58.1377041778867,18.1191286260219,22.059467565345,62.3525162455456,60.6688166147992
2022,YR2022,Portugal,PRT,256898675068.927,63.7670857715286,17.4472260866997,21.3735178930078,49.4816821962014,51.882465114233
2022,YR2022,Puerto Rico (US),PRI,113843700000,76.7686749464397,8.04005843098915,14.8153125732913,52.4505967392135,45.8080684306641
2022,YR2022,Qatar,QAT,235709325714.286,19.4968804131442,12.8767382072055,30.6432344815998,68.5984131738821,31.6152340257357
2022,YR2022,Romania,ROU,296354358293.475,63.196811688078,16.7357875418331,26.9666630681205,43.3611500953615,50.2604123933931
2022,YR2022,Russian Federation,RUS,2291612121334.64,47.7688664394891,17.0922277314908,23.2028710254613,27.7203033526803,15.0624830768008
2022,YR2022,Rwanda,RWA,13316161005.7244,73.4143124177259,17.0328176794153,25.7418263768417,22.4780615146911,38.667017988674
2022,YR2022,Samoa,WSM,832945205.637185,82.9596946705164,21.7652871062325,34.8126787103168,12.2663826209512,52.7167977064992
2022,YR2022,San Marino,SMR,1831700577.08904,35.4868827332074,17.09852890289,23.025957538683,197.412351319317,173.023720494097
2022,YR2022,Sao Tome and Principe,STP,540809499.189348,..,..,..,..,..
2022,YR2022,Saudi Arabia,SAU,1239075200000,39.1990843924028,19.1390912620423,26.5159908508109,35.9850098955522,20.839154879381
2022,YR2022,Senegal,SEN,27783332222.6759,65.749019784799,15.1460090617937,45.3064643568889,26.6991642240508,52.9006574275324
2022,YR2022,Serbia,SRB,66797564758.339,65.6930354620919,18.3561376319038,26.3897108714517,60.7493785262136,71.1882638323661
2022,YR2022,Seychelles,SYC,2018346588.73752,71.536101857495,19.9748789957858,18.0729742622698,90.1216033127767,99.7052321238143
2022,YR2022,Sierra Leone,SLE,7124465159.65304,88.6371969031432,6.68070019349035,14.8698936281175,16.7726115326261,28.2604802844004
2022,YR2022,Singapore,SGP,509017841146.557,27.9903232715288,9.24182573082399,22.2139256940454,186.114290787201,146.235276967639
2022,YR2022,Sint Maarten (Dutch part),SXM,1537088715.0838,..,..,..,..,..
2022,YR2022,Slovak Republic,SVK,115884262197.697,61.5943969404628,20.5009679185647,23.1957427649096,98.9901091582711,104.938859089755
2022,YR2022,Slovenia,SVN,59927702746.2843,54.0996176863425,19.5210913889019,24.4190359412091,93.9826603175574,92.2369346587529
2022,YR2022,Solomon Islands,SLB,1566360686.10632,61.7253121452894,29.1886179498219,23.3629496262085,26.2867431210615,51.7491878351403
2022,YR2022,Somalia,SOM,10202767269.9992,124.313378756518,7.43654863355439,23.6461266454199,17.6819185644341,73.0779725998899
2022,YR2022,South Africa,ZAF,406920004594.074,63.4493344734535,18.9892702779701,15.415075319943,33.3714495540545,31.4115525789563
2022,YR2022,South Sudan,SSD,..,..,..,..,..,..
2022,YR2022,Spain,ESP,1446498147749.03,55.8091740928591,19.9641242285945,22.6550254835913,39.7551303881907,38.8724320759099
2022,YR2022,Sri Lanka,LKA,74143020262.8076,69.0616940850715,7.23003958939168,27.2717494247654,21.5595624620967,25.1230455575852
2022,YR2022,St. Kitts and Nevis,KNA,980188888.888889,..,..,..,..,..
2022,YR2022,St. Lucia,LCA,2342714814.81481,..,..,..,..,..
2022,YR2022,St. Martin (French part),MAF,..,..,..,..,..,..
2022,YR2022,St. Vincent and the Grenadines,VCT,989188888.888889,..,..,..,..,..
2022,YR2022,Sudan,SDN,51666875363.0963,79.5257298839862,17.8526819914311,2.17826429341476,1.57116183055586,1.12767260530269
2022,YR2022,Suriname,SUR,3791603200.0259,..,..,..,..,..
2022,YR2022,Eswatini,SWZ,4741163884.9523,61.5605449581741,19.5443021164766,22.4801036600557,44.5469766780666,48.1319275416783
2022,YR2022,Sweden,SWE,579895717343.956,44.7037796253195,25.3239653270786,26.9258173320619,53.8802781349213,51.974737140744
2022,YR2022,Switzerland,CHE,828508926958.393,49.7745984403111,11.2347528038153,24.8173430933187,76.1397677689787,62.3609309845406
2022,YR2022,Syrian Arab Republic,SYR,23622827079.5047,114.79991119586,2.72332358480479,..,6.81012687776418,28.7993412022314
2022,YR2022,Tajikistan,TJK,10713525200.3998,87.6355645586415,10.1350716735332,35.4675046982739,16.3531240454317,49.082387543926
2022,YR2022,Tanzania,TZA,75769974505.0106,54.8637384667427,8.30175218114757,41.0677624080732,15.4137105201683,19.5897411900311
2022,YR2022,Thailand,THA,495644697587.661,54.5649651107662,17.7190156034668,27.8584292539583,65.3727641914083,67.485947891463
2022,YR2022,Timor-Leste,TLS,3208593982.01071,42.682386979414,33.1099199822801,10.5954633682556,55.6120534416076,42.0098681091243
2022,YR2022,Togo,TGO,8169476148.95692,79.9434435092498,12.9269455766427,21.4192500083402,25.5991710804409,39.8886139342477
2022,YR2022,Tonga,TON,518180029.413435,77.8582556898883,29.9579587079587,26.8041652225326,11.5596393402516,63.7555896484468
2022,YR2022,Trinidad and Tobago,TTO,28510328245.1372,..,..,..,..,..
2022,YR2022,Tunisia,TUN,44948769171.285,76.3352759438865,20.3379138799882,17.1430005089496,50.9788319964445,64.848784613951
2022,YR2022,Turkiye,TUR,907118434653.505,57.3085720438497,11.65321282642,35.0399404629645,38.5842021809785,42.5859275135465
2022,YR2022,Turkmenistan,TKM,58972000000,..,11.4144727279774,..,24.8763820118022,12.4845689479753
2022,YR2022,Turks and Caicos Islands,TCA,1434119000,..,..,..,..,..
2022,YR2022,Tuvalu,TUV,59065982.0873657,..,..,..,..,..
2022,YR2022,Uganda,UGA,45565333216.4142,70.9358321019399,9.78726680444974,24.201342621546,12.0219954333331,22.4833064937607
2022,YR2022,Ukraine,UKR,161989520721.19,64.5566406839019,39.8363540094756,12.1132886209386,35.4451153382041,51.9513986525203
2022,YR2022,United Arab Emirates,ARE,502731935194.01,42.1654758889644,12.6475207729689,26.5079604219642,103.812252335101,85.1332094135825
2022,YR2022,United Kingdom,GBR,3114042471144.39,61.3619703391508,20.8275082448421,17.9381324146186,33.5671944737788,35.3133356660075
2022,YR2022,United States,USA,26006893000000,68.0236620345229,13.7137950311865,21.9497730851586,11.6022279170372,15.2894619130397
2022,YR2022,Uruguay,URY,70594110920.0358,..,..,18.6551845628116,33.3316130133263,27.6991820910559
2022,YR2022,Uzbekistan,UZB,90095926567.4359,68.4510465884273,14.9774337437257,34.8667419109999,23.2670310407511,39.5742214971006
2022,YR2022,Vanuatu,VUT,1030654208.30053,77.1738581882412,23.883421650265,39.2228110017663,9.64841450079906,55.4554630330558
2022,YR2022,"Venezuela, RB",VEN,..,..,..,..,..,..
2022,YR2022,Viet Nam,VNM,413445230668.578,54.6792699463516,8.81892224803344,32.3404994444961,93.420129043511,89.7334901043249
2022,YR2022,Virgin Islands (U.S.),VIR,4672000000,68.9426369863014,34.375,..,97.3672945205479,108.26198630137
2022,YR2022,West Bank and Gaza,PSE,19165500000,99.8486864417834,20.4899428660875,26.5231796718061,18.4362526414651,63.9586757454802
2022,YR2022,"Yemen, Rep.",YEM,..,..,..,..,..,..
2022,YR2022,Zambia,ZMB,29163782140.4858,35.580862908892,14.4528290197612,26.980508150543,40.1939977114306,29.1033177078897
2022,YR2022,Zimbabwe,ZWE,32789657377.9788,77.7627376064031,16.6461897920814,14.6103390027278,27.8721704885775,36.8914368897899
2022,YR2022,World,WLD,102434886179161,55.2124500401656,16.4768822613799,27.3823494234166,30.828336394391,30.0610197382588
2023,YR2023,Afghanistan,AFG,17152234636.8715,98.0710039899031,21.2145146604881,15.2924823859473,16.8527881206002,50.7318770310383
2023,YR2023,Albania,ALB,23547180412.3404,70.2063357211862,12.0464694929138,22.9107217576367,38.6650808341863,43.828601725513
2023,YR2023,Algeria,DZA,247626161016.414,40.7909486648895,17.9279465789317,37.724946210066,23.6195363708424,20.0633778247296
2023,YR2023,American Samoa,ASM,..,..,..,..,..,..
2023,YR2023,Andorra,AND,3785067331.7625,..,..,..,..,..
2023,YR2023,Angola,AGO,84875162197.0107,56.3859872044306,5.17178248225276,23.7790911131562,40.8324662400402,26.1693270398798
2023,YR2023,Antigua and Barbuda,ATG,2005785185.18518,..,..,..,..,..
2023,YR2023,Argentina,ARG,646075277525.125,65.9491811031337,16.3874689950096,19.3715390134256,12.7492457826544,13.8912663507893
2023,YR2023,Armenia,ARM,24085749592.3359,65.3685190425439,14.146579323878,21.2953732476126,59.4520856749187,60.2625572889532
2023,YR2023,Aruba,ABW,3648573136.15155,52.0872342987588,19.5624740562885,21.4610014922559,88.3437862789056,81.4544963361518
2023,YR2023,Australia,AUS,1728057316695.61,50.3387908844084,21.3138550807727,23.9740168793693,26.7992411333458,22.4259429260923
2023,YR2023,Austria,AUT,511685203845.001,52.1990687770085,20.4654125213615,25.4080151070422,59.4645666223774,57.3493527895016
2023,YR2023,Azerbaijan,AZE,72428470588.2353,53.9848645803892,13.81500937233,17.7431851628057,48.9964135000536,34.5394726155785
2023,YR2023,"Bahamas, The",BHS,15271300000,63.3960435588326,13.1128325682817,22.8631485204272,37.8114502367185,38.7380249225672
2023,YR2023,Bahrain,BHR,46192260638.2979,38.8675077396796,14.6137011761089,29.2640793410082,87.351143952571,70.0967107297264
2023,YR2023,Bangladesh,BGD,437415333018.291,68.5753162931573,5.66516962733289,30.9512000834944,13.1571638341204,17.8258075763392
2023,YR2023,Barbados,BRB,6720733200,..,..,..,..,..
2023,YR2023,Belarus,BLR,72478760370.4258,53.9328069587877,17.8518963705848,24.7116791837371,66.0267285714941,65.5579463134666
2023,YR2023,Belgium,BEL,644655275111.58,50.3688426771633,23.7766450906713,25.3621964476176,84.1806318555753,84.780377546093
2023,YR2023,Belize,BLZ,3066850000,62.8518463570113,15.7460162707664,18.2747688996853,55.292084712327,51.2396709979295
2023,YR2023,Benin,BEN,19673290995.8491,60.6205330585091,9.5040595229118,34.5306621756362,20.003519091069,24.6596117269521
2023,YR2023,Bermuda,BMU,8579242000,45.4604148012144,11.368766611316,11.1992411450802,50.231290829656,23.3596278086106
2023,YR2023,Bhutan,BTN,3019253885.46989,59.4315592777581,20.2925802198689,45.1837179455795,28.3283362040587,53.2361936472652
2023,YR2023,Bolivia,BOL,45135398002.8944,68.4904360967673,19.2863642827457,17.6169589634039,25.5322398177202,30.9259991606371
2023,YR2023,Bosnia and Herzegovina,BIH,27592361387.8597,68.33010808474,19.1261838923948,26.324210390014,43.9317500098107,55.6857433795866
2023,YR2023,Botswana,BWA,19411266967.1044,42.8941728213824,29.2900715297286,30.2958784873742,32.2498582865187,36.553499549563
2023,YR2023,Brazil,BRA,2191131765684.63,62.924323222668,19.042610794419,15.7606472065087,17.9693243032741,15.6969055268697
2023,YR2023,British Virgin Islands,VGB,..,..,..,..,..,..
2023,YR2023,Brunei Darussalam,BRN,15095084686.1651,27.594721946319,22.8682450080067,29.6282075098656,76.7032024347733,60.1602318660444
2023,YR2023,Bulgaria,BGR,102396840296.147,57.7273259895719,18.4205974000082,19.749565552763,61.8853159708659,57.7828043733469
2023,YR2023,Burkina Faso,BFA,20324617844.5265,64.5788024966344,19.9750711747148,22.5438564249502,28.8622955091639,35.9600256062745
2023,YR2023,Burundi,BDI,2629391599.50157,75.9408261625746,30.6534629756413,13.0504574343386,5.28894769459975,24.4480246120254
2023,YR2023,Cabo Verde,CPV,2539203428.73837,76.8808406389087,21.7072347053249,19.345046443029,38.3233918719733,56.2565136328025
2023,YR2023,Cambodia,KHM,42335646895.7984,60.3270643695032,6.07786090254716,33.2944796211269,66.8926660552171,67.3141763407136
2023,YR2023,Cameroon,CMR,49279410982.826,73.8881417397646,10.5843152211004,19.5166502739918,16.6141431983781,20.603584977619
2023,YR2023,Canada,CAN,2173339670064.33,54.3804131828578,20.9054437744776,23.8949011694691,33.3498760996793,33.2824552373876
2023,YR2023,Cayman Islands,CYM,7139428557.71423,..,..,..,..,..
2023,YR2023,Central African Republic,CAF,2555492085.94725,97.3649999972063,8.33527999694578,23.7477562200269,14.4408262093734,29.0397439989846
2023,YR2023,Chad,TCD,19107685020.89,63.3515004261932,9.0248806892315,18.4199558929884,29.8289360129747,17.1195171024039
2023,YR2023,Channel Islands,CHI,12507927159.7265,..,..,..,..,..
2023,YR2023,Chile,CHL,335518054097.637,60.4412052921836,15.299339236854,23.3620550113744,30.8110620735322,29.9136616139086
2023,YR2023,China,CHN,18270356654533.2,39.568245214664,17.1891419707315,41.1297102455381,19.1024717160831,17.0027206529743
2023,YR2023,Colombia,COL,366291836137.916,73.6310097048901,14.6540810646728,16.4396849097732,17.8316784070298,22.5564540863658
2023,YR2023,Comoros,COM,1430523435.81695,103.796230684879,9.44262274290104,13.0144879394462,10.3548806130228,35.3288983105587
2023,YR2023,"Congo, Dem. Rep.",COD,67006756666.3604,62.8928038040813,7.85955753243693,31.9911658704491,43.8344443321263,46.5779715390326
2023,YR2023,"Congo, Rep.",COG,15321055818.3263,44.108280717408,13.0993020877754,25.2109559920067,56.8959278033859,39.314466600576
2023,YR2023,Costa Rica,CRI,86497941438.9809,64.5106478270432,14.8734934598622,15.2565937229588,38.9156320351955,33.5563670450595
2023,YR2023,Cote d'Ivoire,CIV,79618056323.7639,68.3923286476672,9.01223404938394,26.0965109188638,24.2511906286167,27.7522642445316
2023,YR2023,Croatia,HRV,84393795502.4421,57.2645246366312,21.2862761328474,23.2818000891938,52.9341592859634,54.7667601446359
2023,YR2023,Cuba,CUB,..,73.3450371246408,25.4920999408675,22.2587933743963,43.5196966524549,64.6156270923595
2023,YR2023,Curacao,CUW,3281419347.37053,..,..,..,..,..
2023,YR2023,Cyprus,CYP,33886930712.3394,59.6767025029907,18.6349778233809,20.6412484701255,97.15784520537,96.1107740018671
2023,YR2023,Czechia,CZE,343206568134.637,43.9927896832564,19.6584563317218,28.0166851129247,68.977944295801,63.9789996177739
2023,YR2023,Denmark,DNK,407091920305.404,45.4658935690809,22.4815247693833,22.8265168619473,67.9596433833598,59.8089240967317
2023,YR2023,Djibouti,DJI,3917150480.80981,70.7200713479302,17.0136706951834,-3.23994971278298,150.021568191427,134.515360507393
2023,YR2023,Dominica,DMA,659311111.111111,..,..,..,..,..
2023,YR2023,Dominican Republic,DOM,120456239153.739,68.1036779298913,11.2787393309517,27.8145628515185,21.3233165320401,28.5202966444017
2023,YR2023,Ecuador,ECU,121147057000,65.6316810073232,13.5836201122079,20.650593270293,28.5659295875425,28.4318239773666
2023,YR2023,"Egypt, Arab Rep.",EGY,395926075163.006,78.9599621876046,6.78850660732221,16.4907339937373,19.1060913405676,21.3443094314355
2023,YR2023,El Salvador,SLV,33853940000,79.1721436264139,19.0636599462278,20.6846824919049,31.3971431390261,50.3176292035728
2023,YR2023,Equatorial Guinea,GNQ,12337550583.754,52.67525676687,26.2033825636043,9.3599926039255,36.6023261927194,24.8409553263226
2023,YR2023,Eritrea,ERI,..,..,..,..,..,..
2023,YR2023,Estonia,EST,41291245222.1948,52.2685517934181,20.6435975574069,27.694515970385,77.8577030027173,77.0015416189322
2023,YR2023,Ethiopia,ETH,..,78.9191890809343,6.31777188442684,22.1694039604718,6.59591829014293,14.0022832171223
2023,YR2023,Faroe Islands,FRO,3907323961.33964,40.5727276441942,27.3225038353956,31.0048550721946,57.7188961490028,56.6189827007871
2023,YR2023,Fiji,FJI,5442046552.96928,71.6633225845286,20.8034284512151,19.7795954329322,56.9664160531993,69.2127622999383
2023,YR2023,Finland,FIN,294950618733.339,53.3979514777368,25.6259577244833,22.9883203437177,43.0963186720531,42.7810486029137
2023,YR2023,France,FRA,3051831611384.76,53.3567129830893,23.1235606057224,23.1533644509286,34.2800305804742,36.279524212719
2023,YR2023,French Polynesia,PYF,6402221222.32749,70.4208406054352,30.4614369814867,21.713682309294,23.0725568214793,45.6355357008891
2023,YR2023,Gabon,GAB,20055720403.471,33.3325853758408,11.7938728337517,17.5342876977906,64.1662438605367,26.8269897679201
2023,YR2023,"Gambia, The",GMB,2396111020.8801,85.9179912869822,7.37283089210389,27.2873451192374,9.60449609977691,32.8315064097707
2023,YR2023,Georgia,GEO,30777833600.6515,71.4697191156864,12.1485458625234,24.9987945206376,49.2670598313658,57.8841193302132
2023,YR2023,Germany,DEU,4525703903627.53,49.9266046278267,21.2287274073897,21.6725400485002,43.4023485563427,39.3967578932279
2023,YR2023,Ghana,GHA,80547146878.3843,85.4470289818376,5.49933849254746,9.8998610781632,31.7708164934404,32.6170450347243
2023,YR2023,Gibraltar,GIB,..,..,..,..,..,..
2023,YR2023,Greece,GRC,243498333237.802,66.8996651467981,19.2868439733478,16.7312327593368,43.7082588320458,48.4480311941784
2023,YR2023,Greenland,GRL,3326544174.37945,32.5870787865037,41.7101169776909,35.9956193360065,40.7986421686905,51.0914572688916
2023,YR2023,Grenada,GRD,1323985600,..,..,..,..,..
2023,YR2023,Guam,GUM,..,..,..,..,..,..
2023,YR2023,Guatemala,GTM,104368413483.146,87.3674089290796,11.2417421320949,16.4754429310232,16.6062374569223,31.6908314613536
2023,YR2023,Guinea,GIN,22407615556.0571,70.6468224495414,13.491592156736,23.4269896966463,44.1320630492989,51.6974637089281
2023,YR2023,Guinea-Bissau,GNB,2077816134.67419,79.1911457135559,16.0903815426069,18.9621476231489,13.6836947403522,27.9273696117295
2023,YR2023,Guyana,GUY,16918503597.1223,..,..,..,..,..
2023,YR2023,Haiti,HTI,19850585722.3241,100.173542114338,6.2167919005445,13.8536836673602,5.27068998656754,25.5147337129684
2023,YR2023,Honduras,HND,34355805527.9795,86.9388698232651,14.9293299388294,22.1864309601857,37.3686804713719,61.4232993622646
2023,YR2023,"Hong Kong SAR, China",HKG,381066399066.208,69.9663258134242,13.3080237874427,16.1391759125162,176.786161373995,176.199686887378
2023,YR2023,Hungary,HUN,214022571311.24,49.132136719837,19.8791941756231,25.89744060362,80.8351502079434,76.2716257525767
2023,YR2023,Iceland,ISL,31452223861.9091,49.3062482033715,25.3168862077389,25.5065836691362,43.441812995971,43.2880708994941
2023,YR2023,India,IND,3638489096033.86,60.1880888009879,10.3054222433801,33.3623103638844,21.4486977833541,23.544144504402
2023,YR2023,Indonesia,IDN,1371169301563.62,54.4255527807226,7.45486118997106,30.3425864737035,21.7538472039177,19.5824396668474
2023,YR2023,"Iran, Islamic Rep.",IRN,404625655076.275,50.2950308296671,12.8792118774573,38.8321312363036,24.2011131759559,27.9790626711581
2023,YR2023,Iraq,IRQ,268881051643.549,39.7848322529153,17.527542508163,24.0865197018349,39.6312322400043,29.8300885590124
2023,YR2023,Ireland,IRL,551394889339.778,26.765594002034,12.1690950536608,26.3322520716791,135.058214305059,102.157667032559
2023,YR2023,Isle of Man,IMN,..,..,..,..,..,..
2023,YR2023,Israel,ISR,512184638998.974,47.9577354656336,22.3099973815371,26.1101982037385,30.4105026275679,27.5798180861304
2023,YR2023,Italy,ITA,2304605139862.79,58.2660095055339,17.7580827535083,22.9270710662995,33.5347636988069,32.106099775264
2023,YR2023,Jamaica,JAM,19423355367.2372,..,..,..,..,..
2023,YR2023,Japan,JPN,4213167237905.83,..,..,26.1821637488649,21.8515912402593,23.2992883238654
2023,YR2023,Jordan,JOR,51088476338.0282,..,..,..,43.5168833945194,56.8309853575149
2023,YR2023,Kazakhstan,KAZ,261840101059.923,51.4438893078253,11.1466441521173,29.8345237599711,34.5096606934855,27.4527236394732
2023,YR2023,Kenya,KEN,108038588970.595,76.9493168421118,11.9151175810981,16.3568914711063,11.6861054407608,20.405973840686
2023,YR2023,Kiribati,KIR,288610732.190775,..,..,..,5.92034144011283,101.666597363678
2023,YR2023,"Korea, Dem. People's Rep.",PRK,..,..,..,..,..,..
2023,YR2023,"Korea, Rep.",KOR,1712792854202.37,48.9275595983311,18.8985576096258,32.129273979048,43.9956698686696,43.9440093217037
2023,YR2023,Kosovo,XKX,10468220306.907,84.1259379582871,12.5993329798923,33.9456293075627,39.64047566608,70.3113759118221
2023,YR2023,Kuwait,KWT,165384407267.056,..,..,..,..,..
2023,YR2023,Kyrgyz Republic,KGZ,15180842369.4894,88.2691924152565,15.9811206166166,34.4590059457311,36.8882232535821,95.485180658754
2023,YR2023,Lao PDR,LAO,15843155731.2552,..,..,..,..,..
2023,YR2023,Latvia,LVA,42572151720.138,62.6538558345806,20.2100836601062,24.5729966745749,66.4606129012677,70.1714220694136
2023,YR2023,Lebanon,LBN,20078620356.9931,136.037027564642,5.16901441243845,1.89754409912655,30.5514119674735,73.6549981017088
2023,YR2023,Lesotho,LSO,2117962430.3041,92.8642558969073,35.5840480176997,27.2206686483307,42.9229805805595,98.5907749545486
2023,YR2023,Liberia,LBR,4390000000,..,..,..,..,..
2023,YR2023,Libya,LBY,45096462972.4014,32.4224581190911,35.2836291258915,16.4803551353643,85.1137376753101,70.5414639888686
2023,YR2023,Liechtenstein,LIE,8287748667.20832,..,..,..,..,..
2023,YR2023,Lithuania,LTU,79789877416.1681,57.3241995649036,17.2754834531022,21.9341715222081,76.4728581033646,72.5690509112436
2023,YR2023,Luxembourg,LUX,87574021091.7525,31.5502562669246,18.5953020819275,17.3818575653208,217.766476183877,186.691858727289
2023,YR2023,"Macao SAR, China",MAC,45803067940.4072,30.0716436338431,13.7723107914916,15.4494108218169,91.3583589654724,50.651724212624
2023,YR2023,North Macedonia,MKD,15763604287.9867,68.4774193404649,14.9243672391341,29.6347414984856,67.8177283325146,80.8540336172834
2023,YR2023,Madagascar,MDG,15869945477.855,71.5696477956906,15.6489428227357,19.9083555489796,27.0030474850994,34.1299942034793
2023,YR2023,Malawi,MWI,12712150082.0792,..,..,..,..,..
2023,YR2023,Malaysia,MYS,399705137434.074,60.4809908842819,11.9492696304762,22.4702448103035,68.5819009768029,63.4824063018645
2023,YR2023,Maldives,MDV,6590894301.9579,51.4044979454449,17.1190170144798,32.9712297892329,74.3820820551026,75.6502878939771
2023,YR2023,Mali,MLI,24621545564.8753,72.4965697295491,13.0596177852379,22.3061487400934,24.8959819048903,32.7583181591011
2023,YR2023,Malta,MLT,22210718401.0207,46.7442254224722,16.6980173922952,19.8359809434331,124.594182131908,107.872582918302
2023,YR2023,Marshall Islands,MHL,259300000,70.6602776706518,53.5040107983031,19.7239876590821,38.9224450443502,71.2497878904744
2023,YR2023,Mauritania,MRT,10651709314.1644,55.3226885394368,17.1723715626544,42.399632595093,38.2879909023547,53.1825806849992
2023,YR2023,Mauritius,MUS,14101195732.6741,69.8269838733429,14.3289750314105,19.8822851162893,47.5343165361683,57.569063889385
2023,YR2023,Mexico,MEX,1793798859343.27,69.8413494736611,11.1011755462719,23.9387768488008,36.1666703433344,37.6028627773981
2023,YR2023,"Micronesia, Fed. Sts.",FSM,443916782.295594,..,..,..,28.3360992457907,69.9837024393307
2023,YR2023,Moldova,MDA,16711906746.2133,85.7545426557627,17.9303159195662,20.084591001224,35.1125857861262,58.882035362679
2023,YR2023,Monaco,MCO,9995350547.12166,..,..,..,..,..
2023,YR2023,Mongolia,MNG,20325121393.9074,44.522259164658,13.0063852760592,33.9003731595217,76.2571171270924,66.607129472089
2023,YR2023,Montenegro,MNE,7530593375.22034,73.1385350855841,17.9038042740732,27.5972752657923,49.9515696947634,68.591184320213
2023,YR2023,Morocco,MAR,144417103249.646,61.3620180434316,18.1062323778597,28.8189902949244,42.752081172208,51.0393218884237
2023,YR2023,Mozambique,MOZ,20954220983.5473,78.002277839117,17.1845855273628,19.8824088883357,45.2791164196367,60.348387217791
2023,YR2023,Myanmar,MMR,66757619000,..,..,..,..,..
2023,YR2023,Namibia,NAM,12408271447.8691,73.7493322811392,21.7553488333992,28.0124983317695,43.626768964325,67.1439449973735
2023,YR2023,Nauru,NRU,151455967.735319,..,..,..,43.4313310349332,100.461899532602
2023,YR2023,Nepal,NPL,41047772331.0994,86.1538474692985,6.62485343600964,31.1493001529726,7.00596728087278,34.5641830124417
2023,YR2023,Netherlands,NLD,1154361305398.06,42.1387618384806,24.5031139969221,19.9597414384989,88.5370818069331,77.3683752045478
2023,YR2023,New Caledonia,NCL,..,..,..,..,..,..
2023,YR2023,New Zealand,NZL,255194972673.122,..,..,23.8211315596966,23.7150117429638,26.6914199360875
2023,YR2023,Nicaragua,NIC,17805842283.8725,78.2580374784937,12.8951938413098,22.1511227447242,45.8493717732877,59.1537258378154
2023,YR2023,Niger,NER,16698786973.0228,63.9383490424265,13.4392076221623,21.6844069972649,23.7067972001129,22.7687608629538
2023,YR2023,Nigeria,NGA,363846332834.618,..,..,..,..,..
2023,YR2023,Northern Mariana Islands,MNP,..,..,..,..,..,..
2023,YR2023,Norway,NOR,482949731776.587,37.7153728889541,22.0477897050686,24.2545661042046,47.9120990269837,32.4517466131432
2023,YR2023,Oman,OMN,105895708712.614,37.8380967116848,19.0557237903671,26.7343535485265,61.1441440777662,44.7725637266098
2023,YR2023,Pakistan,PAK,337885531778.052,83.3094969779135,10.3075643795423,14.0239825358492,10.4807667523804,18.1218106456853
2023,YR2023,Palau,PLW,281849100,..,..,..,..,..
2023,YR2023,Panama,PAN,83318176900,46.6782894765908,12.1878162458929,37.7301749385733,46.468393861364,43.0646745224211
2023,YR2023,Papua New Guinea,PNG,30816367066.9594,..,..,..,..,..
2023,YR2023,Paraguay,PRY,43118053174.5413,65.9917043314145,12.1267410499962,20.1583849669119,42.0641902129296,40.3410205612521
2023,YR2023,Peru,PER,266958720837.988,63.7659625773052,13.5642010031547,19.1844089781649,27.1353058241207,23.6498783827457
2023,YR2023,Philippines,PHL,437055627244.424,76.5188442185182,14.2212747884667,23.4061516163008,26.6368493470555,40.7831199703412
2023,YR2023,Poland,POL,812451128978.58,57.645711588587,18.9482308008084,17.6684506133329,57.8812710195434,52.1436640222717
2023,YR2023,Portugal,PRT,289696962620.235,62.0165828036452,16.842900557802,20.4780928816205,47.5064420603708,46.3573486359866
2023,YR2023,Puerto Rico (US),PRI,118375000000,77.0899260823654,8.4152903907075,14.3868215417107,53.6966420274551,48.0584582893347
2023,YR2023,Qatar,QAT,213002809340.659,..,..,..,..,..
2023,YR2023,Romania,ROU,350775856415.189,61.8732993716634,17.1387500825775,25.7736168430604,39.1522005491869,43.9378668464882
2023,YR2023,Russian Federation,RUS,2071505725030.58,49.2595844884618,17.9582539621367,27.0076136288036,22.4927119538767,18.3416144566506
2023,YR2023,Rwanda,RWA,14331722700.3249,74.523471786113,16.2989613675996,23.5855215423605,25.0057307202908,39.9011734217134
2023,YR2023,Samoa,WSM,938189443.830393,87.7000000468435,18.1532993947358,37.079250211303,28.7537995890581,61.9036809736442
2023,YR2023,San Marino,SMR,..,..,..,..,..,..
2023,YR2023,Sao Tome and Principe,STP,678976264.835436,..,..,..,..,..
2023,YR2023,Saudi Arabia,SAU,1218584533333.33,43.5486461669627,20.9337084424946,29.2016398479372,30.2425196271434,23.9264922012249
2023,YR2023,Senegal,SEN,30696331295.7826,67.4475680451845,15.8069141188045,41.9268791059851,23.1064628813737,48.2878241513478
2023,YR2023,Serbia,SRB,81342660752.3732,62.6003505605514,17.1270596804627,24.615505106431,55.0755160883541,59.4184325698737
2023,YR2023,Seychelles,SYC,2187379754.66167,69.0857484268905,24.3504350833088,20.5743415497622,83.4083692100392,97.4188932916207
2023,YR2023,Sierra Leone,SLE,6411787856.06581,86.2494513161293,5.50386023112512,19.7175941763597,21.524789735152,34.3448984198505
2023,YR2023,Singapore,SGP,505439514078.019,31.5890597660926,9.9992117137858,21.2437977714338,181.561322405378,144.131901648402
2023,YR2023,Sint Maarten (Dutch part),SXM,1627776949.27374,..,..,..,..,..
2023,YR2023,Slovak Republic,SVK,133896931490.224,58.4470047401432,19.9503737201158,19.808918092945,91.2776728440445,89.7559578923513
2023,YR2023,Slovenia,SVN,69148468417.3208,52.323935428366,19.2268565742722,22.2261745390109,83.2510531969521,76.8473914946355
2023,YR2023,Solomon Islands,SLB,1660896530.71894,..,..,..,..,..
2023,YR2023,Somalia,SOM,10968517089.9982,123.528319177762,7.31209956112592,22.378420344893,19.7336576333791,72.9524967171269
2023,YR2023,South Africa,ZAF,380699271816.395,64.3963121543332,19.3495643944684,15.5380933764905,32.7545268675424,32.4255686814627
2023,YR2023,South Sudan,SSD,..,..,..,..,..,..
2023,YR2023,Spain,ESP,1620090734956.89,54.2650321292324,19.4635472701498,21.004602475833,38.0592582111746,34.1324706805738
2023,YR2023,Sri Lanka,LKA,83716142582.1945,70.79543120746,6.77749233444335,24.5850342832275,20.689136230194,22.8470940659011
2023,YR2023,St. Kitts and Nevis,KNA,1056751851.85185,..,..,..,..,..
2023,YR2023,St. Lucia,LCA,2430166666.66667,..,..,..,..,..
2023,YR2023,St. Martin (French part),MAF,..,..,..,..,..,..
2023,YR2023,St. Vincent and the Grenadines,VCT,1072237037.03704,..,..,..,..,..
2023,YR2023,Sudan,SDN,39898289820.7951,80.6600440228371,17.4245401216912,2.17279846218936,1.10810859308483,1.36562018959182
2023,YR2023,Suriname,SUR,3455146280.83975,..,..,..,..,..
2023,YR2023,Eswatini,SWZ,4604172127.36299,63.9941604723746,19.5448464737621,19.1936231330313,48.6803030875504,51.412933284416
2023,YR2023,Sweden,SWE,585489968189.064,43.734730510872,26.0248999419363,24.8620967031828,55.3822247813677,51.3586535274542
2023,YR2023,Switzerland,CHE,894424821645.205,51.0613614898977,11.2574218352381,25.9871467150257,73.3331587674762,61.9868434816136
2023,YR2023,Syrian Arab Republic,SYR,19993439949.5435,..,..,..,..,..
2023,YR2023,Tajikistan,TJK,12244169292.7998,89.5803805028083,10.6621971920935,31.6513056719952,17.1918374601415,48.4428635765939
2023,YR2023,Tanzania,TZA,79062403836.8432,54.1194004566407,8.75962998482192,41.0023887360591,17.1954298762755,21.0166049300635
2023,YR2023,Thailand,THA,515906283940.933,57.4814304558569,16.6164810176384,22.4605099910508,65.4445629404008,63.3795512119745
2023,YR2023,Timor-Leste,TLS,2079916909.49485,70.0441442323688,52.9169648544907,20.4848904326413,22.9254879280638,66.3751034331123
2023,YR2023,Togo,TGO,9171261837.57103,78.0812905243744,12.5811386281887,22.9544796791665,23.9052239704764,37.522132802206
2023,YR2023,Tonga,TON,508735107.033734,107.64696343182,29.1295690088003,26.9902612154889,18.7507071574942,75.3864432856948
2023,YR2023,Trinidad and Tobago,TTO,25489373405.0619,..,..,..,..,..
2023,YR2023,Tunisia,TUN,48196281783.9479,78.3497221548678,19.4468213301164,7.77191516421886,53.6733070283897,59.2415652844214
2023,YR2023,Turkiye,TUR,1118252958513.72,59.3829102759611,13.0978551188581,29.9641679336776,31.9158356904098,34.3607690189066
2023,YR2023,Turkmenistan,TKM,60628857142.8571,..,12.7079042982832,..,21.6245210908525,12.4747527108732
2023,YR2023,Turks and Caicos Islands,TCA,1638653000,..,..,..,..,..
2023,YR2023,Tuvalu,TUV,62280311.5852172,..,..,..,..,..
2023,YR2023,Uganda,UGA,48768955859.2834,71.6102539562648,9.56616058785446,22.8160132458418,11.6017089255499,21.739987404672
2023,YR2023,Ukraine,UKR,181221517868.744,60.982480132276,41.8556928744753,18.0705046393604,28.300468273727,49.2091459198387
2023,YR2023,United Arab Emirates,ARE,514130432648.06,45.6129353619111,12.4192015319664,27.0786563226145,108.610871395566,93.7216646067614
2023,YR2023,United Kingdom,GBR,3369861888972.88,61.276637337548,20.5473252470783,17.2186700649347,31.9794112168664,33.0529270411278
2023,YR2023,United States,USA,27720709000000,67.9014703411807,13.4338338893136,21.5410327347688,11.0115112856601,13.8878518583345
2023,YR2023,Uruguay,URY,77991666837.7382,..,..,17.5353424867451,28.1403012343037,24.7706858321593
2023,YR2023,Uzbekistan,UZB,102641879248.764,68.4481117376748,14.4844754028703,34.6156267803295,24.4247464665454,41.6803978374918
2023,YR2023,Vanuatu,VUT,1126313359.21923,..,..,..,..,..
2023,YR2023,"Venezuela, RB",VEN,..,..,..,..,..,..
2023,YR2023,Viet Nam,VNM,433857681378.291,54.3121195084434,8.84756445434067,31.6465959765628,86.4674192371297,78.3506520327642
2023,YR2023,Virgin Islands (U.S.),VIR,..,..,..,..,..,..
2023,YR2023,West Bank and Gaza,PSE,17847900000,98.9791516088728,20.2483205307067,25.5974092190118,17.745505073426,61.7876612934855
2023,YR2023,"Yemen, Rep.",YEM,..,..,..,..,..,..
2023,YR2023,Zambia,ZMB,27577956471.244,47.1051102997818,13.312782708599,31.4450686240954,40.8461239686718,37.3957630764767
2023,YR2023,Zimbabwe,ZWE,35231369343.4002,76.2728898936308,15.0892334278599,16.2740398756247,21.579400340811,29.2155635379264
2023,YR2023,World,WLD,106970781305675,56.4147856981326,16.6224022885279,26.4887122224589,29.1200460430495,28.3310066044777
2024,YR2024,Afghanistan,AFG,..,..,..,..,..,..
2024,YR2024,Albania,ALB,27177735527.5667,69.5764341530799,12.8229406224379,..,36.1095621958381,42.9611975707809
2024,YR2024,Algeria,DZA,263619794506.723,..,..,..,..,..
2024,YR2024,American Samoa,ASM,..,..,..,..,..,..
2024,YR2024,Andorra,AND,4039844390.22543,..,..,..,..,..
2024,YR2024,Angola,AGO,80396942241.6233,55.2620737908461,6.26678930309017,25.0015700592034,37.8827428063986,24.4131759595382
2024,YR2024,Antigua and Barbuda,ATG,2224814814.81481,..,..,..,..,..
2024,YR2024,Argentina,ARG,633266692533.689,68.1023880715157,15.0308136208788,15.7234475678136,15.3342337389676,12.8251676959106
2024,YR2024,Armenia,ARM,25786585949.6346,66.5408098034614,10.7332822502691,22.1719010251427,76.3471180026783,75.7931110815515
2024,YR2024,Aruba,ABW,..,..,..,..,..,..
2024,YR2024,Australia,AUS,1752193307380.34,51.2478396982181,22.2288739416439,24.391289723081,24.705209306537,22.6090197065918
2024,YR2024,Austria,AUT,521642466921.745,..,..,22.3012613797822,56.9234364188164,53.6120260209475
2024,YR2024,Azerbaijan,AZE,74315882352.9412,55.4356206020406,14.3667334193467,21.0824224099037,45.9025463640897,36.7873227953806
2024,YR2024,"Bahamas, The",BHS,15832800000,64.2987974331767,12.9111717447325,26.8063766358446,37.7835884998232,41.4588701935223
2024,YR2024,Bahrain,BHR,47736702127.6596,..,..,..,..,..
2024,YR2024,Bangladesh,BGD,450119424622.389,70.1347475279919,5.90807456126884,30.7004906382085,10.4611880382843,16.3168883010409
2024,YR2024,Barbados,BRB,7165000000,..,..,..,..,..
2024,YR2024,Belarus,BLR,75961865471.9129,56.7998368120273,19.0029231086173,25.8358517163125,65.0639450286877,66.8539840737623
2024,YR2024,Belgium,BEL,664564181486.953,..,..,24.0250925146409,79.2199111409925,79.2330385210427
2024,YR2024,Belize,BLZ,3515783328.91079,..,..,..,..,..
2024,YR2024,Benin,BEN,21482643720.2743,58.8826875686133,9.01434833677519,35.0616847972117,18.84015691814,21.7996453220123
2024,YR2024,Bermuda,BMU,8980200000,45.5914122179907,11.0220262354959,11.2837130576156,56.3105498763947,24.2077013874969
2024,YR2024,Bhutan,BTN,..,..,..,..,..,..
2024,YR2024,Bolivia,BOL,49668296743.8495,..,..,..,..,..
2024,YR2024,Bosnia and Herzegovina,BIH,28343394203.4694,69.0042349876394,..,30.7681555803085,42.8209562840181,57.1533959333118
2024,YR2024,Botswana,BWA,19400774882.4495,45.2957260714737,32.1127804304277,36.1924400742642,26.0469933952779,40.9285354083997
2024,YR2024,Brazil,BRA,2179412080828.59,63.7723397013903,18.8197930143301,16.9097275627217,18.0146799833275,17.5165402609182
2024,YR2024,British Virgin Islands,VGB,..,..,..,..,..,..
2024,YR2024,Brunei Darussalam,BRN,15463134387.2013,28.5014479909243,23.0343205716428,28.3623680243552,74.2982844367187,58.924934101365
2024,YR2024,Bulgaria,BGR,112211952703.831,57.6392523724107,19.681179888458,20.3540809208624,55.8071638055329,53.481676987264
2024,YR2024,Burkina Faso,BFA,23250214909.5391,60.596751788579,18.7607426650126,27.0961973184724,28.4873274256098,34.9410191976738
2024,YR2024,Burundi,BDI,2162378759.3467,..,..,..,..,..
2024,YR2024,Cabo Verde,CPV,2767599017.44874,74.7270060082316,20.6944636827825,15.9587711620377,41.8572771165211,53.2375180050238
2024,YR2024,Cambodia,KHM,46352647034.7775,59.7780758844027,5.81720387772918,32.1861316004857,71.3635841655888,72.0834255374222
2024,YR2024,Cameroon,CMR,51326764684.8595,74.4873445230469,10.5450397141209,21.3794114234771,14.7371898543379,21.1489855149828
2024,YR2024,Canada,CAN,2241253230970.34,..,..,23.2683258381496,32.4613353439237,32.717698647348
2024,YR2024,Cayman Islands,CYM,..,..,..,..,..,..
2024,YR2024,Central African Republic,CAF,2751544520.37918,94.6520723167689,9.67162228386564,15.4089633636494,15.4569738337124,32.3662494022914
2024,YR2024,Chad,TCD,20625711664.6472,61.3163745067142,8.72395477283396,17.8057602822625,28.1174400821559,17.2451897392068
2024,YR2024,Channel Islands,CHI,..,..,..,..,..,..
2024,YR2024,Chile,CHL,330267137371.592,58.1062020307508,15.0673471779886,23.239665690037,33.7233211746608,30.1365360734052
2024,YR2024,China,CHN,18743803170827.2,..,..,..,20.02291663623,17.1755035026323
2024,YR2024,Colombia,COL,418542042920.189,73.1401459665682,14.7154613615493,17.087506054575,15.97281920951,20.9158739522507
2024,YR2024,Comoros,COM,1546164420.32442,103.628331158163,9.18264055023479,11.7339416936085,9.91147670436021,34.4617000523057
2024,YR2024,"Congo, Dem. Rep.",COD,70749355652.1207,62.7011868422814,8.12064249340589,33.4292769547896,46.6217703807441,50.872876671221
2024,YR2024,"Congo, Rep.",COG,15719985776.3966,47.4030764773357,13.3811297964587,26.8446294598014,52.779644095169,40.4084798287647
2024,YR2024,Costa Rica,CRI,95350423176.664,63.9199037058676,14.678497451206,15.6690245098177,38.5317940508727,32.7992197177638
2024,YR2024,Cote d'Ivoire,CIV,86538413923.3943,66.0306628047982,8.96371169335357,24.4763359925657,27.5981087233431,27.0688192607519
2024,YR2024,Croatia,HRV,92526176108.621,56.9812364226275,22.6320396655894,23.5043264601214,49.7993080704898,52.9169106188281
2024,YR2024,Cuba,CUB,..,..,..,..,..,..
2024,YR2024,Curacao,CUW,..,..,..,..,..,..
2024,YR2024,Cyprus,CYP,36333022329.4981,58.8796389959925,18.5945031231794,18.9420501531889,96.6913864500045,93.1074994795595
2024,YR2024,Czechia,CZE,345036675975.047,..,..,26.0406790502504,69.2393597081089,62.6760420085289
2024,YR2024,Denmark,DNK,429457372071.869,..,..,21.6348074160539,69.7269725665829,58.9160289522014
2024,YR2024,Djibouti,DJI,4086402718.86834,73.0244216440346,18.7634950406894,-3.77939471841172,160.791630615753,148.259754055023
2024,YR2024,Dominica,DMA,688881481.481481,..,..,..,..,..
2024,YR2024,Dominican Republic,DOM,124282245638.568,67.7424719323656,11.5071407726274,26.9980468938553,22.7679273981921,29.0155869970404
2024,YR2024,Ecuador,ECU,124676074700,64.8733056399313,13.2902251212758,18.4824073547769,30.2786006784668,26.9245388746587
2024,YR2024,"Egypt, Arab Rep.",EGY,389059911003.566,87.5810637404119,6.27031988169153,12.9967401874752,16.3762422101126,23.2245098772607
2024,YR2024,El Salvador,SLV,35364960000,79.6221457623591,19.1719147992815,20.3442333880768,32.7607043808335,51.8989417773977
2024,YR2024,Equatorial Guinea,GNQ,12765777677.0622,52.9139467096654,28.3431933262709,8.95580591611743,35.1642525721225,25.3771985254681
2024,YR2024,Eritrea,ERI,..,..,..,..,..,..
2024,YR2024,Estonia,EST,42764929169.3258,..,..,26.1824788925335,76.2720927532628,75.7079631671631
2024,YR2024,Ethiopia,ETH,..,80.176188728979,5.53090847425986,20.4985854532076,5.55455331050366,11.7602359669501
2024,YR2024,Faroe Islands,FRO,..,..,..,..,..,..
2024,YR2024,Fiji,FJI,5840564072.77313,..,..,..,..,..
2024,YR2024,Finland,FIN,299835625550.781,..,..,21.6605598974785,41.5511795390141,40.906449109254
2024,YR2024,France,FRA,3162079073495.78,..,..,21.9324848349007,33.2440842472123,33.9788865095979
2024,YR2024,French Polynesia,PYF,..,..,..,..,..,..
2024,YR2024,Gabon,GAB,20867044935.6729,33.6566114456904,12.1582463295337,18.116326577086,65.2776666104055,29.202587276722
2024,YR2024,"Gambia, The",GMB,2507519958.34857,83.1925712051841,8.45789165089368,38.9851868411235,6.55130882364037,37.1875285244777
2024,YR2024,Georgia,GEO,33776141250.5716,71.343562530284,13.4468551435711,22.8155262583283,48.3647220910365,55.9706660232199
2024,YR2024,Germany,DEU,4659929336890.62,..,..,21.0479041916168,42.1002680442064,38.2444033577531
2024,YR2024,Ghana,GHA,82825288888.9734,84.0633033156147,4.82904354628125,9.95655546554353,35.2518734199692,34.1007757474087
2024,YR2024,Gibraltar,GIB,..,..,..,..,..,..
2024,YR2024,Greece,GRC,257144811301.673,..,..,18.1782415264726,41.9794041507247,47.3371852993157
2024,YR2024,Greenland,GRL,..,..,..,..,..,..
2024,YR2024,Grenada,GRD,1391435992.59259,..,..,..,..,..
2024,YR2024,Guam,GUM,..,..,..,..,..,..
2024,YR2024,Guatemala,GTM,113199586004.477,87.9763334810345,10.8985061693281,16.6836125607316,15.892871244063,31.4513234665433
2024,YR2024,Guinea,GIN,25334307878.737,67.4244683268657,13.4102736775227,31.1828885317213,44.037786006639,56.0554165402063
2024,YR2024,Guinea-Bissau,GNB,2119865935.24909,76.998264805843,17.7807745764517,20.9307610741917,12.4757606373815,28.1855610860881
2024,YR2024,Guyana,GUY,24835899825.8993,..,..,..,..,..
2024,YR2024,Haiti,HTI,25224154990.7946,99.8210834374982,5.68589013282049,9.93936193656659,3.40077493286271,18.847110439748
2024,YR2024,Honduras,HND,37093565854.0437,85.9922308422994,15.5273902270023,22.4923355282969,33.5491009940495,57.5610575916481
2024,YR2024,"Hong Kong SAR, China",HKG,407106738445.069,67.3629435129382,12.8361000480643,15.7451086609256,181.729012308179,177.673164530108
2024,YR2024,Hungary,HUN,222904723252.11,..,..,23.6213588466914,74.6638285685979,69.1136824308948
2024,YR2024,Iceland,ISL,33462807982.85,..,..,26.5671413980787,41.5887486126167,42.7331226662315
2024,YR2024,India,IND,3912686168582.21,61.4870565694726,10.1442293317158,32.6109099957867,21.1781223210845,23.4929703141577
2024,YR2024,Indonesia,IDN,1396300098190.97,55.4001850312418,7.73094373341047,31.396354183511,22.18331286866,20.389334433174
2024,YR2024,"Iran, Islamic Rep.",IRN,436906331671.859,50.4867695831811,12.918381232989,40.0102104523919,22.8953163711569,26.8195776397192
2024,YR2024,Iraq,IRQ,279641257615.385,41.2190297839756,20.3142335991866,29.3882105774582,37.5074937454157,37.2289295621102
2024,YR2024,Ireland,IRL,577389475009.922,..,..,17.4129885399426,147.576831386831,105.386093875628
2024,YR2024,Isle of Man,IMN,..,..,..,..,..,..
2024,YR2024,Israel,ISR,540379921261.681,..,..,23.4267177207644,28.4347615877701,26.0172387092026
2024,YR2024,Italy,ITA,2372774547793.12,..,..,22.3534765550445,32.7328584456689,30.4432306155658
2024,YR2024,Jamaica,JAM,19930288337.028,..,..,..,..,..
2024,YR2024,Japan,JPN,4026210821146.81,..,..,..,..,..
2024,YR2024,Jordan,JOR,53352289577.4648,..,..,..,42.6120551194793,57.0673926170931
2024,YR2024,Kazakhstan,KAZ,288406138230.669,..,..,..,..,..
2024,YR2024,Kenya,KEN,124498691699.125,75.5029407335367,11.4956734110829,16.7850702474667,11.1366868668462,19.1566112595805
2024,YR2024,Kiribati,KIR,307862546.789627,..,..,..,6.27095072369876,94.8799200968287
2024,YR2024,"Korea, Dem. People's Rep.",PRK,..,..,..,..,..,..
2024,YR2024,"Korea, Rep.",KOR,..,..,..,..,..,..
2024,YR2024,Kosovo,XKX,11148602232.663,84.2729035263066,12.3490325460438,33.7969423797232,41.9207502862577,72.3396423234421
2024,YR2024,Kuwait,KWT,160227273001.348,..,..,..,..,..
2024,YR2024,Kyrgyz Republic,KGZ,17478259659.2625,..,..,..,..,..
2024,YR2024,Lao PDR,LAO,16502933121.0806,..,..,..,..,..
2024,YR2024,Latvia,LVA,43520773851.1219,..,..,21.1505544564482,64.6217028148455,67.1820740488278
2024,YR2024,Lebanon,LBN,..,..,..,..,..,..
2024,YR2024,Lesotho,LSO,2271541845.62002,..,..,..,..,..
2024,YR2024,Liberia,LBR,4750000000,..,..,..,..,..
2024,YR2024,Libya,LBY,46636278901.9016,32.7104823386266,36.7260807557103,14.8373108882738,74.8273178195231,59.1012361763288
2024,YR2024,Liechtenstein,LIE,..,..,..,..,..,..
2024,YR2024,Lithuania,LTU,84869215513.3648,..,..,20.4124317092532,74.1139807545184,68.9344101088613
2024,YR2024,Luxembourg,LUX,93197329011.7078,..,..,15.153327652299,215.502405357575,182.725525601947
2024,YR2024,"Macao SAR, China",MAC,50183212761.3484,28.9536192643945,12.2063702227049,14.4569739706531,89.7521534090064,45.3691168667589
2024,YR2024,North Macedonia,MKD,16685236492.0675,67.9131209130524,16.7861903984066,28.4232878949948,62.6777180012752,75.8004225923565
2024,YR2024,Madagascar,MDG,17420814800.7045,69.8162148589968,15.2990990599048,22.606055733883,23.6250395964955,31.3464090854729
2024,YR2024,Malawi,MWI,11008925322.5134,..,..,..,..,..
2024,YR2024,Malaysia,MYS,421972102253.57,60.7880263352588,12.0164960030475,21.8525832587403,71.3546178043924,66.0117234014389
2024,YR2024,Maldives,MDV,6975146349.42592,..,..,..,..,..
2024,YR2024,Mali,MLI,26588067731.1692,71.8805753677462,13.1318392367639,20.8534410743735,22.5172135935628,28.3830692724465
2024,YR2024,Malta,MLT,24322006607.9295,46.6404072355101,17.1720184532859,18.8037341484443,123.466079204708,106.082200810209
2024,YR2024,Marshall Islands,MHL,280357844.229802,..,..,..,..,..
2024,YR2024,Mauritania,MRT,10766731873.5407,..,..,..,..,..
2024,YR2024,Mauritius,MUS,14952555414.8553,68.6335224734805,14.6677751873871,21.1893639646234,46.2060061842776,57.7915846563057
2024,YR2024,Mexico,MEX,1852722885258.11,70.2955576305777,11.174533115525,24.1607892159644,36.7857440701926,37.9258515356765
2024,YR2024,"Micronesia, Fed. Sts.",FSM,471425099.488675,..,..,..,27.4698992778408,69.1308121594466
2024,YR2024,Moldova,MDA,18200340853.6517,86.8298710608935,17.8779215401385,21.1312285971513,31.4135471152499,57.2525683134332
2024,YR2024,Monaco,MCO,..,..,..,..,..,..
2024,YR2024,Mongolia,MNG,23586055802.4517,49.7814205201531,16.3051943279617,34.6440144443264,69.1382654428279,69.7531976510472
2024,YR2024,Montenegro,MNE,8069536125.80285,76.2794020800774,17.8624704491274,28.5344315618073,44.8732439316754,67.5495480226875
2024,YR2024,Morocco,MAR,154430996472.752,61.3067877892404,17.9640793069318,29.9149715308839,43.2859081528275,52.4717467798836
2024,YR2024,Mozambique,MOZ,22416650343.4786,69.0064977745333,17.0672042405206,24.1299488389653,42.7340803038039,52.9377311578231
2024,YR2024,Myanmar,MMR,74079772652.4286,..,..,..,..,..
2024,YR2024,Namibia,NAM,13372354268.5446,79.2507159783729,21.4765812405634,25.6134844049188,41.6438674740671,67.9846423244645
2024,YR2024,Nauru,NRU,160350639.549467,..,..,..,39.4762621359081,118.715334803324
2024,YR2024,Nepal,NPL,42914268286.7109,86.3381971970377,7.43909718236692,30.3993910198841,7.62189857137715,32.9079241058137
2024,YR2024,Netherlands,NLD,1227543925316.41,..,..,19.2879910767427,84.1345895257536,72.0390789293855
2024,YR2024,New Caledonia,NCL,..,..,..,..,..,..
2024,YR2024,New Zealand,NZL,260235932558.996,..,..,..,..,..
2024,YR2024,Nicaragua,NIC,19693982967.5926,80.6435555901243,12.262104314813,24.6940528397434,40.4630624895997,58.0627752204161
2024,YR2024,Niger,NER,19537639288.0633,59.1810892118732,11.7989701029599,18.6803814502371,31.1539601091784,20.8143908257583
2024,YR2024,Nigeria,NGA,187759703099.801,..,..,..,..,..
2024,YR2024,Northern Mariana Islands,MNP,..,..,..,..,..,..
2024,YR2024,Norway,NOR,483727398216.364,..,..,24.0152949546119,47.5575282596141,33.664617566497
2024,YR2024,Oman,OMN,106942782834.85,..,..,..,..,..
2024,YR2024,Pakistan,PAK,373071855731.539,85.2376835683161,8.49890570638331,12.9359906578704,10.4027532753085,17.0753332078781
2024,YR2024,Palau,PLW,..,..,..,..,..,..
2024,YR2024,Panama,PAN,86260400000,..,..,..,..,..
2024,YR2024,Papua New Guinea,PNG,32538480023.9998,..,..,..,..,..
2024,YR2024,Paraguay,PRY,44458118399.6669,66.9757522494737,12.6163213925712,22.8357199630009,37.2016814689888,39.6294750740642
2024,YR2024,Peru,PER,289221969059.853,61.5692064384263,13.4117973155072,19.4197023478272,28.5375908830267,22.9382969847875
2024,YR2024,Philippines,PHL,461617509782.355,76.1453934211402,14.5085522019948,23.6846445959545,25.7734411549927,40.1120313737041
2024,YR2024,Poland,POL,914696430325.391,57.5640282016298,20.7735729461212,17.6546354945941,52.3289523696531,48.3211890119982
2024,YR2024,Portugal,PRT,308683317392.68,..,..,20.0845813669931,46.4796504104344,44.6613808674232
2024,YR2024,Puerto Rico (US),PRI,125841500000,75.9894788285264,8.20913609580305,14.7798619692232,51.9448671543171,42.8303858425082
2024,YR2024,Qatar,QAT,217982967032.967,..,..,..,..,..
2024,YR2024,Romania,ROU,382767571329.158,63.4834452045953,18.3160973716314,24.2999164147139,35.5961962558882,41.6956552468288
2024,YR2024,Russian Federation,RUS,2173835806671.66,49.3694094526963,18.5533740164837,26.2988564685306,21.91660028345,17.5915644825897
2024,YR2024,Rwanda,RWA,14251642231.4932,64.8576723701222,17.079487182635,25.914149825303,30.8220804418076,39.1323331262486
2024,YR2024,Samoa,WSM,1068025243.63929,80.7697472050674,18.1707584634022,32.785950570575,29.3155087694974,53.8161540870562
2024,YR2024,San Marino,SMR,..,..,..,..,..,..
2024,YR2024,Sao Tome and Principe,STP,764274042.735043,..,..,..,..,..
2024,YR2024,Saudi Arabia,SAU,1237529866666.67,44.9835877361721,21.3616285516719,30.1310977114195,29.1640961338684,25.6403885848304
2024,YR2024,Senegal,SEN,32267254425.052,65.845700243873,16.3520949703395,32.8879723643603,28.0565616042404,43.142327007511
2024,YR2024,Serbia,SRB,89083506277.2344,62.7450093631601,17.7665202396127,25.5643257822358,52.6925515136692,58.7684068986778
2024,YR2024,Seychelles,SYC,2167239562.46013,74.5834746444474,26.2797474020204,17.169290907803,85.1683361715703,103.200849125841
2024,YR2024,Sierra Leone,SLE,7547843281.27425,87.5986542612888,5.50386023757076,29.4956120348238,20.9398351534473,43.537961745788
2024,YR2024,Singapore,SGP,547386645891.847,31.4887930743369,10.5941995479851,22.200257821565,178.776286814392,143.595141120325
2024,YR2024,Sint Maarten (Dutch part),SXM,1735210227.92581,..,..,..,..,..
2024,YR2024,Slovak Republic,SVK,141775733420.114,..,..,20.0744087584057,85.2230052577423,85.0214304498317
2024,YR2024,Slovenia,SVN,72485008929.2766,..,..,21.1541959757522,81.5346691267021,74.9477878600843
2024,YR2024,Solomon Islands,SLB,1760767447.17461,..,..,..,..,..
2024,YR2024,Somalia,SOM,12108515109.9996,123.993199608778,7.61385604777446,22.7149275944413,20.0191554288892,74.3411386798827
2024,YR2024,South Africa,ZAF,400260724226.067,64.8479676473029,19.2310040997797,13.9422030982867,31.8498451859901,29.8527528715858
2024,YR2024,South Sudan,SSD,..,..,..,..,..,..
2024,YR2024,Spain,ESP,1722745978335.16,..,..,20.4747092126484,37.2927827939586,33.0122572688199
2024,YR2024,Sri Lanka,LKA,98963185509.6499,68.7064203418027,6.95947245211508,26.9589666223169,19.8863207168995,22.5111801542053
2024,YR2024,St. Kitts and Nevis,KNA,1066681481.48148,..,..,..,..,..
2024,YR2024,St. Lucia,LCA,2549062962.96296,..,..,..,..,..
2024,YR2024,St. Martin (French part),MAF,..,..,..,..,..,..
2024,YR2024,St. Vincent and the Grenadines,VCT,1157207407.40741,..,..,..,..,..
2024,YR2024,Sudan,SDN,49909807029.6996,80.6897170882692,16.5126203426588,2.87301064258045,1.1931023933208,1.26842046502944
2024,YR2024,Suriname,SUR,4714267822.2233,..,..,..,..,..
2024,YR2024,Eswatini,SWZ,4891883720.15742,..,..,..,..,..
2024,YR2024,Sweden,SWE,610117791237.089,..,..,24.6290230496985,54.601308444525,50.2096858272109
2024,YR2024,Switzerland,CHE,936564198048.516,..,..,26.9877309828941,72.1589447667905,61.9362037538192
2024,YR2024,Syrian Arab Republic,SYR,..,..,..,..,..,..
2024,YR2024,Tajikistan,TJK,14204575548.5536,..,..,..,..,..
2024,YR2024,Tanzania,TZA,78779864877.3018,52.9013825695863,9.18620433134191,39.764568079457,19.830482870244,21.6826378505804
2024,YR2024,Thailand,THA,526411265427.683,58.2208671377813,16.6910222318676,21.5722757990832,70.0638885497948,66.7108565429759
2024,YR2024,Timor-Leste,TLS,1881265333.4187,..,..,..,..,..
2024,YR2024,Togo,TGO,9925732119.72034,78.2762953937586,13.1396424410988,22.2919765832267,24.3831729285804,38.0910707310107
2024,YR2024,Tonga,TON,..,..,..,..,..,..
2024,YR2024,Trinidad and Tobago,TTO,26428963758.1307,..,..,..,..,..
2024,YR2024,Tunisia,TUN,53409988744.5968,76.2078362720858,18.5583569456226,13.3540279256679,48.4349714546975,56.5545910110873
2024,YR2024,Turkiye,TUR,1323254808058.74,59.4438671212477,14.74405343167,25.5437255405602,28.045069179622,27.7767152730999
2024,YR2024,Turkmenistan,TKM,64239891739.3311,..,..,..,..,..
2024,YR2024,Turks and Caicos Islands,TCA,1745378000,..,..,..,..,..
2024,YR2024,Tuvalu,TUV,..,..,..,..,..,..
2024,YR2024,Uganda,UGA,53651874313.9836,66.2576083287493,9.97765637216406,22.3084062336141,16.9052124080191,24.5630711450189
2024,YR2024,Ukraine,UKR,190741263731.535,62.3672499323968,37.922304675009,18.6430287599957,29.4102139813249,48.3427973487265
2024,YR2024,United Arab Emirates,ARE,537078829135.466,..,..,..,..,..
2024,YR2024,United Kingdom,GBR,3643834188782.91,..,..,17.896245829079,30.6377190511784,31.7697823457053
2024,YR2024,United States,USA,29184890000000,67.930144674179,13.4202664460959,21.7438304547319,10.8968750610333,13.9911166360401
2024,YR2024,Uruguay,URY,80961511073.5797,..,..,15.5966726541364,28.7607719167193,23.7041448689186
2024,YR2024,Uzbekistan,UZB,114965293466.611,67.9524913924055,13.9466702778855,33.2966957187455,22.7657914961328,37.9616488851693
2024,YR2024,Vanuatu,VUT,1161251868.03498,..,..,..,..,..
2024,YR2024,"Venezuela, RB",VEN,..,..,..,..,..,..
2024,YR2024,Viet Nam,VNM,476388230307.175,..,..,..,..,..
2024,YR2024,Virgin Islands (U.S.),VIR,..,..,..,..,..,..
2024,YR2024,West Bank and Gaza,PSE,13711100000,95.5226057719658,20.6832420447666,23.4700352269329,21.0398873905084,60.2737927664447
2024,YR2024,"Yemen, Rep.",YEM,..,..,..,..,..,..
2024,YR2024,Zambia,ZMB,26325775287.0226,..,..,..,..,..
2024,YR2024,Zimbabwe,ZWE,44187704410.1191,91.5256647090268,12.4682431057392,4.46775075548232,22.1056774617631,30.5673360320114
2024,YR2024,World,WLD,111326370011523,..,..,..,29.0185754883221,28.1370281100542
,,,,,,,,,
,,,,,,,,,
,,,,,,,,,
Data from database: World Development Indicators,,,,,,,,,
Last Updated: 07/01/2025,,,,,,,,,
